old_path,new_path
/the-essence-of-tao-yin/,/writings/the-essence-of-tao-yin
/causing-change/,/writings/causing-change
/the-alchemist-speaks-with-clarity-because-he-knows-himself/,/writings/the-alchemist-speaks-with-clarity-because-he-knows-himself
/complicated-practices-do-not-lead-to-wholeness/,/writings/complicated-practices-do-not-lead-to-wholeness
/the-alchemist-is-content-with-what-he-has/,/writings/the-alchemist-is-content-with-what-he-has
/14-chase-the-tao-and-youll-never-catch-it/,/writings/14-chase-the-tao-and-youll-never-catch-it
/trust-people-and-they-become-trustworthy/,/writings/trust-people-and-they-become-trustworthy
/stop-thinking-and-your-problems-cease/,/writings/stop-thinking-and-your-problems-cease
/three-tai-chi-chi-kung-principles-for-daily-life/,/writings/three-tai-chi-chi-kung-principles-for-daily-life
/23-simple-and-quiet-words-can-transmit-the-message/,/writings/23-simple-and-quiet-words-can-transmit-the-message
/27-any-situation-can-be-a-tool-for-learning/,/writings/27-any-situation-can-be-a-tool-for-learning
/weapons-of-war/,/writings/weapons-of-war
/36-yielding-and-flexibility/,/writings/36-yielding-and-flexibility
/following-the-tao-is-returning/,/writings/following-the-tao-is-returning
/the-microcosmic-orbit/,/writings/the-microcosmic-orbit
/good-morning-healing-tao/,/writings/good-morning-healing-tao
/44-your-vitality-or-your-possessions/,/writings/44-your-vitality-or-your-possessions
/48-nothing-is-accomplished-by-interfering/,/writings/48-nothing-is-accomplished-by-interfering
/53-the-great-way-makes-sense/,/writings/53-the-great-way-makes-sense
/let-your-body-be-still/,/writings/let-your-body-be-still
/finding-the-source-is-like-having-deep-roots/,/writings/finding-the-source-is-like-having-deep-roots
/62-share-the-tao-with-all/,/writings/62-share-the-tao-with-all
/there-is-no-shortcut-to-lasting-enlightenment/,/writings/there-is-no-shortcut-to-lasting-enlightenment
/the-tao-is-practical/,/writings/the-tao-is-practical
/71-know-your-limits/,/writings/71-know-your-limits
/learn-to-be-at-ease/,/writings/learn-to-be-at-ease
/be-like-the-tree-that-bends-in-the-storm/,/writings/be-like-the-tree-that-bends-in-the-storm
/yielding-overcomes-that-which-is-immovable/,/writings/yielding-overcomes-that-which-is-immovable
/a-simple-life-is-content-with-the-work-at-hand/,/writings/a-simple-life-is-content-with-the-work-at-hand
/watch-your-thoughts-like-a-lake-watches-geese-fly-over/,/writings/watch-your-thoughts-like-a-lake-watches-geese-fly-over
/tune-into-the-tao-it-is-always-there/,/writings/tune-into-the-tao-it-is-always-there
/the-tao-is-ever-present-but-is-rarely-found/,/writings/the-tao-is-ever-present-but-is-rarely-found
/achieve-that-which-really-matters/,/writings/achieve-that-which-really-matters
/find-the-tao-in-the-body-like-a-river-finds-the-sea/,/writings/find-the-tao-in-the-body-like-a-river-finds-the-sea
/476-2/,/writings/476-2
/remember-our-dreams/,/writings/remember-our-dreams
/know-when-you-have-enough-then-relax/,/writings/know-when-you-have-enough-then-relax
/give-while-being-unattached-to-the-outcome/,/writings/give-while-being-unattached-to-the-outcome
/nurture-your-inner-essence/,/writings/nurture-your-inner-essence
/turn-your-senses-inward/,/writings/turn-your-senses-inward
/can-you-yield-until-your-mind-is-clear/,/writings/can-you-yield-until-your-mind-is-clear
/all-things-return-to-the-tao/,/writings/all-things-return-to-the-tao
/when-the-tao-is-forgotten-chaos-emerges/,/writings/when-the-tao-is-forgotten-chaos-emerges
/focus-on-simplicity-invest-in-the-internal/,/writings/focus-on-simplicity-invest-in-the-internal
/the-way-of-health-is-to-follow-the-tao/,/writings/the-way-of-health-is-to-follow-the-tao
/acknowledge-your-fragments-to-become-whole/,/writings/acknowledge-your-fragments-to-become-whole
/when-you-try-to-shine-you-dim-your-light/,/writings/when-you-try-to-shine-you-dim-your-light
/far-away-means-returning/,/writings/far-away-means-returning
/find-your-center-of-gravity/,/writings/find-your-center-of-gravity
/538-2/,/writings/538-2
/emulate-the-pattern-of-nature/,/writings/emulate-the-pattern-of-nature
/avoid-extremes-and-save-your-energy/,/writings/avoid-extremes-and-save-your-energy
/do-your-work-then-rest/,/writings/do-your-work-then-rest
/man-following-tao-is-like-a-river-flowing-to-the-sea/,/writings/man-following-tao-is-like-a-river-flowing-to-the-sea
/know-yourself-be-content-stay-in-the-center/,/writings/know-yourself-be-content-stay-in-the-center
/the-great-tao-does-not-impose/,/writings/the-great-tao-does-not-impose
/the-tao-is-subtle-but-inexhaustible/,/writings/the-tao-is-subtle-but-inexhaustible
/the-tao-is-always-on-time/,/writings/the-tao-is-always-on-time
/that-which-is-lasting-supersedes-passing-fads/,/writings/that-which-is-lasting-supersedes-passing-fads
/let-yourself-be-shaped-by-the-tao/,/writings/let-yourself-be-shaped-by-the-tao
/great-music-flows-from-simple-notes/,/writings/great-music-flows-from-simple-notes
/the-alchemist-combines-yin-and-yang-to-achieve-harmony/,/writings/the-alchemist-combines-yin-and-yang-to-achieve-harmony
/practice-non-action-allow-for-silence/,/writings/practice-non-action-allow-for-silence
/a-life-of-peace-and-quiet-is-fulfilling/,/writings/a-life-of-peace-and-quiet-is-fulfilling
/to-follow-the-tao-is-to-be-content/,/writings/to-follow-the-tao-is-to-be-content
/peace-is-elusive-the-harder-you-look-for-it/,/writings/peace-is-elusive-the-harder-you-look-for-it
/creation-in-its-totality-is-harmonious/,/writings/creation-in-its-totality-is-harmonious
/keep-your-life-in-order/,/writings/keep-your-life-in-order
/the-tao-produces-not-possesses/,/writings/the-tao-produces-not-possesses
/seal-your-senses-quiet-your-mind/,/writings/seal-your-senses-quiet-your-mind
/treat-others-as-yourself/,/writings/treat-others-as-yourself
/become-like-an-infant/,/writings/become-like-an-infant
/dont-try-to-control/,/writings/dont-try-to-control
/be-bright-but-not-flashy/,/writings/be-bright-but-not-flashy
/too-mush-fussing-ruins-the-process/,/writings/too-mush-fussing-ruins-the-process
/a-great-man-must-be-humble-and-yielding/,/writings/a-great-man-must-be-humble-and-yielding
/focus-on-health-before-youre-sick/,/writings/focus-on-health-before-youre-sick
/there-is-no-shortcut-to-lasting-enlightenment-2/,/writings/there-is-no-shortcut-to-lasting-enlightenment-2
/a-simple-life-is-easiest-to-live/,/writings/a-simple-life-is-easiest-to-live
/to-help-people-be-humble/,/writings/to-help-people-be-humble
/a-great-warrior-does-not-seek-war/,/writings/a-great-warrior-does-not-seek-war
/the-best-military-strategists-yield/,/writings/the-best-military-strategists-yield
/study-the-patterns-inside-yourself/,/writings/study-the-patterns-inside-yourself
/do-the-tao-to-learn-it/,/writings/do-the-tao-to-learn-it
/savor-each-moment/,/writings/savor-each-moment
/a-wise-leader-trusts-the-people/,/writings/a-wise-leader-trusts-the-people
/yielding-overcomes-that-which-is-immovable-2/,/writings/yielding-overcomes-that-which-is-immovable-2
/arguments-between-people/,/writings/arguments-between-people
/nourish-gently-lead-quietly/,/writings/nourish-gently-lead-quietly
/talking-does-not-cause-enlightenment/,/writings/talking-does-not-cause-enlightenment
/thoughts-are-like-geese-flying-over-a-lake/,/writings/thoughts-are-like-geese-flying-over-a-lake
/achieve-that-which-really-matters-2/,/writings/achieve-that-which-really-matters-2
/tao-in-the-body-as-a-river-to-the-sea/,/writings/tao-in-the-body-as-a-river-to-the-sea
/tune-in-to-the-frequency-of-creation/,/writings/tune-in-to-the-frequency-of-creation
/the-tao-ever-present-yet-rarely-found/,/writings/the-tao-ever-present-yet-rarely-found
/the-alchemist-does-not-strive/,/writings/the-alchemist-does-not-strive
/a-simple-life-leads-to-clarity/,/writings/a-simple-life-leads-to-clarity
/when-you-have-enough-relax/,/writings/when-you-have-enough-relax
/give-be-unattached-to-the-outcome/,/writings/give-be-unattached-to-the-outcome
/nurture-your-inner-essence-2/,/writings/nurture-your-inner-essence-2
/turn-your-senses-inward-2/,/writings/turn-your-senses-inward-2
/be-content-with-what-you-have/,/writings/be-content-with-what-you-have
/chase-the-tao-and-youll-never-catch-it/,/writings/chase-the-tao-and-youll-never-catch-it
/can-you-yield-until-your-mind-is-clear-2/,/writings/can-you-yield-until-your-mind-is-clear-2
/all-things-return-to-the-tao-2/,/writings/all-things-return-to-the-tao-2
/temporary-defeat-v-failure/,/writings/temporary-defeat-v-failure
/trust-people-and-they-become-trustworthy-2/,/writings/trust-people-and-they-become-trustworthy-2
/when-the-tao-is-forgotten-chaos-emerges-2/,/writings/when-the-tao-is-forgotten-chaos-emerges-2
/focus-on-simplicity-invest-in-what-lasts/,/writings/focus-on-simplicity-invest-in-what-lasts
/stop-thinking-and-your-problems-cease-2/,/writings/stop-thinking-and-your-problems-cease-2
/the-way-of-health-is-to-follow-the-tao-2/,/writings/the-way-of-health-is-to-follow-the-tao-2
/acknowledge-your-fragments-to-become-whole-2/,/writings/acknowledge-your-fragments-to-become-whole-2
/simple-words-can-transmit-the-message/,/writings/simple-words-can-transmit-the-message
/when-you-try-to-shine-you-dim-your-light-2/,/writings/when-you-try-to-shine-you-dim-your-light-2
/far-away-means-returning-2/,/writings/far-away-means-returning-2
/maintain-your-center/,/writings/maintain-your-center
/any-situation-can-be-a-tool-for-learning/,/writings/any-situation-can-be-a-tool-for-learning
/emulate-the-pattern-of-nature-2/,/writings/emulate-the-pattern-of-nature-2
/how-long-has-the-bright-moon-existed/,/writings/how-long-has-the-bright-moon-existed
/the-old-poets-of-china/,/writings/the-old-poets-of-china
/avoid-extremes-save-your-energy/,/writings/avoid-extremes-save-your-energy
/find-balance-like-the-forces-of-the-universe/,/writings/find-balance-like-the-forces-of-the-universe
/790-2/,/writings/790-2
/slap-the-back-of-the-knee/,/writings/slap-the-back-of-the-knee
/do-your-work-then-rest-2/,/writings/do-your-work-then-rest-2
/inner-smile-to-the-endocrine-system/,/writings/inner-smile-to-the-endocrine-system
/tai-chi-for-emotional-resilence/,/writings/tai-chi-for-emotional-resilence
/the-wise-warrior-does-not-go-to-war/,/writings/the-wise-warrior-does-not-go-to-war
/practice-squatting/,/writings/practice-squatting
/abdominal-massage-removes-blockages/,/writings/abdominal-massage-removes-blockages
/maintain-clarity-of-mind/,/writings/maintain-clarity-of-mind
/tai-chi-opening-movement/,/writings/tai-chi-opening-movement
/tapping-the-occiput/,/writings/tapping-the-occiput
/840-2/,/writings/840-2
/846-2/,/writings/846-2
/a-simple-life-leads-to-clarity-2/,/writings/a-simple-life-leads-to-clarity-2
/in-life-as-in-tai-chi/,/writings/in-life-as-in-tai-chi
/facial-reflexology-and-the-chi-clock/,/writings/facial-reflexology-and-the-chi-clock
/the-tao-is-subtle-but-inexhaustible-2/,/writings/the-tao-is-subtle-but-inexhaustible-2
/kidney-building/,/writings/kidney-building
/kidney-warmth-and-the-kidney-sound/,/writings/kidney-warmth-and-the-kidney-sound
/yielding-and-flexibility/,/writings/yielding-and-flexibility
/896-2/,/writings/896-2
/902-2/,/writings/902-2
/maintian-your-center-in-the-storm/,/writings/maintian-your-center-in-the-storm
/what-is-qigong-chi-kung/,/writings/what-is-qigong-chi-kung
/tai-chi-with-a-tree-and-twist-body-like-a-snake/,/writings/tai-chi-with-a-tree-and-twist-body-like-a-snake
/tianmen-mountain/,/writings/tianmen-mountain
/advice-on-yin-and-yang-from-the-yellow-emperors-classic/,/writings/advice-on-yin-and-yang-from-the-yellow-emperors-classic
/tai-chi-for-flexibility/,/writings/tai-chi-for-flexibility
/bone-breathing-and-the-tao/,/writings/bone-breathing-and-the-tao
/ba-duan-jin-8-pieces-of-brocade/,/writings/ba-duan-jin-8-pieces-of-brocade
/more-ba-duan-jin-and-an-exercise-of-the-day/,/writings/more-ba-duan-jin-and-an-exercise-of-the-day
/morihei-ueshiba-on-the-art-of-peace/,/writings/morihei-ueshiba-on-the-art-of-peace
/benefits-of-qigong-and-good-posture/,/writings/benefits-of-qigong-and-good-posture
/how-energy-moves-during-qigong/,/writings/how-energy-moves-during-qigong
/returning-and-tao-yin/,/writings/returning-and-tao-yin
/harmonic-taoism-and-psoas-stretching/,/writings/harmonic-taoism-and-psoas-stretching
/standing-practices/,/writings/standing-practices
/combing-yin-and-yang-five-animals-chi-kung/,/writings/combing-yin-and-yang-five-animals-chi-kung
/puppy-meditation-and-wrist-exercises/,/writings/puppy-meditation-and-wrist-exercises
/tao-yin-for-the-psoas/,/writings/tao-yin-for-the-psoas
/practice-non-action/,/writings/practice-non-action
/from-the-eight-brocades-and-tree-meditation/,/writings/from-the-eight-brocades-and-tree-meditation
/standing-chi-kung-and-thoracic-mobility/,/writings/standing-chi-kung-and-thoracic-mobility
/1055-2/,/writings/1055-2
/balance-exercises-and-standing-for-groundedness/,/writings/balance-exercises-and-standing-for-groundedness
/being-content-and-treating-lumbar-pain/,/writings/being-content-and-treating-lumbar-pain
/tai-chi-simple-beatiful-incredibly-effective/,/writings/tai-chi-simple-beatiful-incredibly-effective
/finding-peace-sunhuman-alchemy/,/writings/finding-peace-sunhuman-alchemy
/the-inner-smile-and-tao-of-pooh/,/writings/the-inner-smile-and-tao-of-pooh
/squatting-and-merging-with-stars/,/writings/squatting-and-merging-with-stars
/non-interference-and-releasing-heat-from-the-heart/,/writings/non-interference-and-releasing-heat-from-the-heart
/simple-stretching-for-self-care/,/writings/simple-stretching-for-self-care
/connecting-to-your-center-and-the-earth-massaging-your-energy-channels/,/writings/connecting-to-your-center-and-the-earth-massaging-your-energy-channels
/1099-2/,/writings/1099-2
/tai-chi-and-squatting-meditation/,/writings/tai-chi-and-squatting-meditation
/massage-cervical-vertebrae/,/writings/massage-cervical-vertebrae
/1114-2/,/writings/1114-2
/1119-2/,/writings/1119-2
/embrace-the-tree-the-tao-produces-but-not-possesses/,/writings/embrace-the-tree-the-tao-produces-but-not-possesses
/1131-2/,/writings/1131-2
/1136-2/,/writings/1136-2
/the-yellow-emperor-and-enlightenment/,/writings/the-yellow-emperor-and-enlightenment
/hitting-with-mung-beans-and-the-golden-rule/,/writings/hitting-with-mung-beans-and-the-golden-rule
/belt-chanel-meditation-and-developing-a-relationship-with-your-organs/,/writings/belt-chanel-meditation-and-developing-a-relationship-with-your-organs
/1157-2/,/writings/1157-2
/tai-chi-as-medicine-and-the-five-rites/,/writings/tai-chi-as-medicine-and-the-five-rites
/stillness-and-shaking/,/writings/stillness-and-shaking
/leadership-and-tai-chi-opening-movement/,/writings/leadership-and-tai-chi-opening-movement
/the-most-important-thing-the-snow-of-yesterday/,/writings/the-most-important-thing-the-snow-of-yesterday
/subtle-brightness-and-deep-roots/,/writings/subtle-brightness-and-deep-roots
/inner-cultivation-and-the-big-picture/,/writings/inner-cultivation-and-the-big-picture
/deep-roots-tai-chi-with-a-tree/,/writings/deep-roots-tai-chi-with-a-tree
/meditation-and-happiness/,/writings/meditation-and-happiness
/internal-alchemy-humility/,/writings/internal-alchemy-humility
/resonance-and-cultivation/,/writings/resonance-and-cultivation
/earths-energy-rises-to-nourish-the-body/,/writings/earths-energy-rises-to-nourish-the-body
/share-the-tao-and-massage-the-kidneys/,/writings/share-the-tao-and-massage-the-kidneys
/internal-weather-focus-on-your-health/,/writings/internal-weather-focus-on-your-health
/the-large-intestine-and-the-kidney-sound/,/writings/the-large-intestine-and-the-kidney-sound
/smile-and-relax/,/writings/smile-and-relax
/balance-and-flexibility/,/writings/balance-and-flexibility
/lasting-enlightenment-and-belt-channels/,/writings/lasting-enlightenment-and-belt-channels
/the-six-healing-sounds-video-series/,/writings/the-six-healing-sounds-video-series
/a-simple-life-the-endochrine-system/,/writings/a-simple-life-the-endochrine-system
/massage-the-hands-smile-at-your-organs/,/writings/massage-the-hands-smile-at-your-organs
/be-humble-the-tao-is-practical/,/writings/be-humble-the-tao-is-practical
/tendon-stretching-skin-detoxing/,/writings/tendon-stretching-skin-detoxing
/healing-the-liver-absorbing-chi-through-the-hair/,/writings/healing-the-liver-absorbing-chi-through-the-hair
/acupressure-for-vitality-and-headaches/,/writings/acupressure-for-vitality-and-headaches
/yiquan-standing-practice-and-tai-chi/,/writings/yiquan-standing-practice-and-tai-chi
/moving-meditation-for-medication-and-rebalancing/,/writings/moving-meditation-for-medication-and-rebalancing
/the-tao-is-practical-not-striving/,/writings/the-tao-is-practical-not-striving
/presence-old-age/,/writings/presence-old-age
/what-is-the-tao/,/writings/what-is-the-tao
/yielding-astral-healing/,/writings/yielding-astral-healing
/levels-of-tranquility-and-rooting/,/writings/levels-of-tranquility-and-rooting
/the-heart-sound-varieties-of-chi-kung/,/writings/the-heart-sound-varieties-of-chi-kung
/standing-meditation/,/writings/standing-meditation
/cosmic-healing-lunar-chi-in-kidneys/,/writings/cosmic-healing-lunar-chi-in-kidneys
/applying-virtue-and-healthy-aging/,/writings/applying-virtue-and-healthy-aging
/know-your-limits-fusion-of-the-five-elements/,/writings/know-your-limits-fusion-of-the-five-elements
/zen-and-flowing/,/writings/zen-and-flowing
/do-the-tao-and-body-alignment/,/writings/do-the-tao-and-body-alignment
/on-spring-sun-moon-earth-alchemy/,/writings/on-spring-sun-moon-earth-alchemy
/maintain-balance-the-lung-sound/,/writings/maintain-balance-the-lung-sound
/resting-in-the-center-eight-branches-of-the-tao/,/writings/resting-in-the-center-eight-branches-of-the-tao
/feel-the-energy-of-heaven-and-earth-build-your-aura/,/writings/feel-the-energy-of-heaven-and-earth-build-your-aura
/flexibility-and-presence/,/writings/flexibility-and-presence
/savor-each-moment-trust-people/,/writings/savor-each-moment-trust-people
/friendship/,/writings/friendship
/flexibiltiy-and-focus/,/writings/flexibiltiy-and-focus
/shake-loose-stuck-patterns/,/writings/shake-loose-stuck-patterns
/following-the-tao-and-health/,/writings/following-the-tao-and-health
/1391-2/,/writings/1391-2
/cosmic-nutrition-and-yielding/,/writings/cosmic-nutrition-and-yielding
/chi-nei-tsang-abdominal-massage/,/writings/chi-nei-tsang-abdominal-massage
/the-core-channel-chi-kung-with-a-tree/,/writings/the-core-channel-chi-kung-with-a-tree
/the-great-tao-is-impartial/,/writings/the-great-tao-is-impartial
/nourosh-gently-after-enlightenment/,/writings/nourosh-gently-after-enlightenment
/musashi-and-joseph-campbell-on-the-way/,/writings/musashi-and-joseph-campbell-on-the-way
/foods-for-detoxification-and-relieving-constipation/,/writings/foods-for-detoxification-and-relieving-constipation
/talking-doesnt-cause-enlightenment/,/writings/talking-doesnt-cause-enlightenment
/principles-of-tai-chi/,/writings/principles-of-tai-chi
/the-pineal-gland/,/writings/the-pineal-gland
/ba-duan-jin/,/writings/ba-duan-jin
/tai-chi-and-that-which-matters/,/writings/tai-chi-and-that-which-matters
/sacred-geometry/,/writings/sacred-geometry
/massage-the-sacrum-tune-in/,/writings/massage-the-sacrum-tune-in
/bewilderment-coping/,/writings/bewilderment-coping
/embryo-breathing-chi-kung-open-the-lower-back/,/writings/embryo-breathing-chi-kung-open-the-lower-back
/love-letters-from-nature-stretching/,/writings/love-letters-from-nature-stretching
/move-your-wallet-scholar-warriors/,/writings/move-your-wallet-scholar-warriors
/eight-pieces-of-brocade-finding-tao/,/writings/eight-pieces-of-brocade-finding-tao
/standing-chi-kung-five-animal-frolic/,/writings/standing-chi-kung-five-animal-frolic
/stretches-for-the-lower-back/,/writings/stretches-for-the-lower-back
/tibetan-five-rites-simplicity/,/writings/tibetan-five-rites-simplicity
/tao-the-ching-relaxing-and-giving/,/writings/tao-the-ching-relaxing-and-giving
/giving-and-rooting/,/writings/giving-and-rooting
/open-the-feet-your-inner-essence/,/writings/open-the-feet-your-inner-essence
/tapping-the-wind-gates-knee-raises/,/writings/tapping-the-wind-gates-knee-raises
/the-tao-of-pooh/,/writings/the-tao-of-pooh
/be-content-chase-the-tao/,/writings/be-content-chase-the-tao
/unify-mind-and-body/,/writings/unify-mind-and-body
/1545-2/,/writings/1545-2
/yielding-strong-lungs/,/writings/yielding-strong-lungs
/practice-slowly-doing-nothing/,/writings/practice-slowly-doing-nothing
/chuang-tzu-on-dreaming-and-forgetting-comfort/,/writings/chuang-tzu-on-dreaming-and-forgetting-comfort
/the-sun-as-yang-qi-in-the-body/,/writings/the-sun-as-yang-qi-in-the-body
/1572-2/,/writings/1572-2
/advice-from-an-old-farmer-and-alan-watts-quote/,/writings/advice-from-an-old-farmer-and-alan-watts-quote
/recognize-anxiety-and-tai-chi-for-strength/,/writings/recognize-anxiety-and-tai-chi-for-strength
/your-thoughts-and-the-tao-te-ching/,/writings/your-thoughts-and-the-tao-te-ching
/yoga-v-vodka-and-trust/,/writings/yoga-v-vodka-and-trust
/lunar-power/,/writings/lunar-power
/life-pulse-massage-the-large-intestine/,/writings/life-pulse-massage-the-large-intestine
/quiet-streams/,/writings/quiet-streams
/tai-chi-improving-cardiovascular-health/,/writings/tai-chi-improving-cardiovascular-health
/massaging-the-hands-spiraling-sexual-energy-around-the-organs/,/writings/massaging-the-hands-spiraling-sexual-energy-around-the-organs
/lieh-tzu/,/writings/lieh-tzu
/the-pace-of-progress/,/writings/the-pace-of-progress
/be-your-own-boss/,/writings/be-your-own-boss
/fusion-1-youth-a-dream/,/writings/fusion-1-youth-a-dream
/humble-living/,/writings/humble-living
/erect-posture-and-spiritual-forces-sexual-energy/,/writings/erect-posture-and-spiritual-forces-sexual-energy
/flexibility-and-taoist-meditation/,/writings/flexibility-and-taoist-meditation
/alan-watt-on-the-meaning-of-life/,/writings/alan-watt-on-the-meaning-of-life
/tai-chi-with-a-tree-using-chi-in-tai-chi/,/writings/tai-chi-with-a-tree-using-chi-in-tai-chi
/being-wild/,/writings/being-wild
/standing-qigong-practice-acknowledge-your-fragments/,/writings/standing-qigong-practice-acknowledge-your-fragments
/conscious-inhalation-remove-tension-in-the-body/,/writings/conscious-inhalation-remove-tension-in-the-body
/book-release-the-alchemists-tao-te-ching/,/writings/book-release-the-alchemists-tao-te-ching
/how-long-to-meditate-tai-chi-for-life/,/writings/how-long-to-meditate-tai-chi-for-life
/pace-yourself-tai-chi-classics/,/writings/pace-yourself-tai-chi-classics
/rooting-power-purposes-of-tai-chi/,/writings/rooting-power-purposes-of-tai-chi
/the-core-energy-channel-dumping-negative-emotions/,/writings/the-core-energy-channel-dumping-negative-emotions
/1718-2/,/writings/1718-2
/exchanging-energy-with-a-tree-unhealthy-abdomen/,/writings/exchanging-energy-with-a-tree-unhealthy-abdomen
/healing-with-nature-embryo-breathing/,/writings/healing-with-nature-embryo-breathing
/reactions/,/writings/reactions
/1737-2/,/writings/1737-2
/grappling-with-fate-beyond-duality/,/writings/grappling-with-fate-beyond-duality
/the-taoist-inner-smile/,/writings/the-taoist-inner-smile
/accepting-what-is/,/writings/accepting-what-is
/focus-on-self-care/,/writings/focus-on-self-care
/pieces-of-brocade/,/writings/pieces-of-brocade
/tai-chi-and-balance/,/writings/tai-chi-and-balance
/1771-2/,/writings/1771-2
/1776-2/,/writings/1776-2
/mortality-in-haiku/,/writings/mortality-in-haiku
/a-hermits-path-the-turning-page/,/writings/a-hermits-path-the-turning-page
/female-pioneers-of-tai-chi/,/writings/female-pioneers-of-tai-chi
/bone-breathing-and-marrow-awakening/,/writings/bone-breathing-and-marrow-awakening
/more-on-bone-breathing-empty-space/,/writings/more-on-bone-breathing-empty-space
/taoist-internal-alchemy/,/writings/taoist-internal-alchemy
/maintain-awarness-of-the-energy-field/,/writings/maintain-awarness-of-the-energy-field
/1823-2/,/writings/1823-2
/self-massage-exercises-for-rejuvenation/,/writings/self-massage-exercises-for-rejuvenation
/chi-kung-skill-with-energy/,/writings/chi-kung-skill-with-energy
/direct-energy-to-organs-moving-meditation/,/writings/direct-energy-to-organs-moving-meditation
/1861-2/,/writings/1861-2
/emotional-virtue/,/writings/emotional-virtue
/benefits-of-massaging-the-hands-the-core-channel/,/writings/benefits-of-massaging-the-hands-the-core-channel
/what-is-alchemy-why-taoism/,/writings/what-is-alchemy-why-taoism
/simplicity-the-second-brocade/,/writings/simplicity-the-second-brocade
/holding-the-setting-sun/,/writings/holding-the-setting-sun
/internal-alchemy-chi-kung-to-reverse-sitting/,/writings/internal-alchemy-chi-kung-to-reverse-sitting
/slapping-organs-shoulder-loosening/,/writings/slapping-organs-shoulder-loosening
/you-are-stardust/,/writings/you-are-stardust
/1929-2/,/writings/1929-2
/stay-light-the-antidote-for-sitting/,/writings/stay-light-the-antidote-for-sitting
/generate-saliva-what-is-taoism/,/writings/generate-saliva-what-is-taoism
/breathing-chi-into-the-channels/,/writings/breathing-chi-into-the-channels
/healing-love-through-the-tao/,/writings/healing-love-through-the-tao
/taoist-yoga/,/writings/taoist-yoga
/too-busy-to-meditate-and-alchemy/,/writings/too-busy-to-meditate-and-alchemy
/do-your-work-and-rest-ocean-breathing/,/writings/do-your-work-and-rest-ocean-breathing
/no-one-wins-in-war-the-lung-sound/,/writings/no-one-wins-in-war-the-lung-sound
/warm-the-kidneys/,/writings/warm-the-kidneys
/store-energy-safely/,/writings/store-energy-safely
/the-neijing/,/writings/the-neijing
/alchemy/,/writings/alchemy
/tao-yin-for-lumbar-relief/,/writings/tao-yin-for-lumbar-relief
/bone-marrow-breathing-triple-warmer-breathing/,/writings/bone-marrow-breathing-triple-warmer-breathing
/stay-centered/,/writings/stay-centered
/internal-chi-pressure/,/writings/internal-chi-pressure
/why-the-tao-te-ching/,/writings/why-the-tao-te-ching
/inspiring-force-the-dragon/,/writings/inspiring-force-the-dragon
/tendon-strength/,/writings/tendon-strength
/busy-doing-nothing-the-chi-clock/,/writings/busy-doing-nothing-the-chi-clock
/dream-practice/,/writings/dream-practice
/fusion-of-the-five-elements/,/writings/fusion-of-the-five-elements
/earth-alchemy/,/writings/earth-alchemy
/the-goal-of-meditation/,/writings/the-goal-of-meditation
/relationships-grasping-time/,/writings/relationships-grasping-time
/2077-2/,/writings/2077-2
/the-inner-smile/,/writings/the-inner-smile
/a-touch-of-zen-the-tao-doesnt-impose/,/writings/a-touch-of-zen-the-tao-doesnt-impose
/the-psoas-muscle/,/writings/the-psoas-muscle
/eight-extraordinary-vessels-invisible-tea/,/writings/eight-extraordinary-vessels-invisible-tea
/purpose/,/writings/purpose
/be-patient-with-yourself/,/writings/be-patient-with-yourself
/beginning-in-the-tao-benefits-of-standing/,/writings/beginning-in-the-tao-benefits-of-standing
/the-creation-cycle-meditation/,/writings/the-creation-cycle-meditation
/fusion-of-the-five-elements-2/,/writings/fusion-of-the-five-elements-2
/internal-and-external-alchemy/,/writings/internal-and-external-alchemy
/strengthening-the-fascia/,/writings/strengthening-the-fascia
/2153-2/,/writings/2153-2
/remember-our-dreams-2/,/writings/remember-our-dreams-2
/suffering-healing-love/,/writings/suffering-healing-love
/haikus-the-universe-expands-seeking-love/,/writings/haikus-the-universe-expands-seeking-love
/taoist-feng-shui/,/writings/taoist-feng-shui
/that-which-lasts/,/writings/that-which-lasts
/start-with-healthy-habits/,/writings/start-with-healthy-habits
/iron-shirt-chi-kung-prolongs-life/,/writings/iron-shirt-chi-kung-prolongs-life
/cosmic-healing-chi-kung/,/writings/cosmic-healing-chi-kung
/2207-2/,/writings/2207-2
/the-triple-warmer-sound/,/writings/the-triple-warmer-sound
/the-tao-doesnt-hurry/,/writings/the-tao-doesnt-hurry
/taoist-advanced-healing-love-busy-day-to-do/,/writings/taoist-advanced-healing-love-busy-day-to-do
/free-time-goals-and-chakras/,/writings/free-time-goals-and-chakras
/do-not-stand-at-my-grave-and-weep/,/writings/do-not-stand-at-my-grave-and-weep
/the-goal-of-life/,/writings/the-goal-of-life
/2253-2/,/writings/2253-2
/tell-the-truth-faster/,/writings/tell-the-truth-faster
/open-the-large-intestine/,/writings/open-the-large-intestine
/2278-2/,/writings/2278-2
/2286-2/,/writings/2286-2
/your-body-is-a-musical-instrument/,/writings/your-body-is-a-musical-instrument
/stress-management/,/writings/stress-management
/a-long-and-healthy-life/,/writings/a-long-and-healthy-life
/stretch-the-hips-and-lumber/,/writings/stretch-the-hips-and-lumber
/standing-for-emotional-health-bone-breathing/,/writings/standing-for-emotional-health-bone-breathing
/2319-2/,/writings/2319-2
/inner-alchemy-and-tao-yin/,/writings/inner-alchemy-and-tao-yin
/stress-and-the-body-overview-of-alchemy/,/writings/stress-and-the-body-overview-of-alchemy
/taoism-is-liver-protection/,/writings/taoism-is-liver-protection
/stand-erect-feet-rooted-the-spleen-sound/,/writings/stand-erect-feet-rooted-the-spleen-sound
/physical-movement-in-the-workplace/,/writings/physical-movement-in-the-workplace
/strengthening-the-fascia-2/,/writings/strengthening-the-fascia-2
/taoist-yoga-and-the-pineal-gland/,/writings/taoist-yoga-and-the-pineal-gland
/earth-sun-moon-alchemy/,/writings/earth-sun-moon-alchemy
/star-alchemy/,/writings/star-alchemy
/2380-2/,/writings/2380-2
/health-or-possessions/,/writings/health-or-possessions
/maintain-a-low-center-of-gravity/,/writings/maintain-a-low-center-of-gravity
/the-corners-of-the-large-intestine/,/writings/the-corners-of-the-large-intestine
/distinguish-between-yin-and-yang/,/writings/distinguish-between-yin-and-yang
/tuning-in-to-pre-natal-qi/,/writings/tuning-in-to-pre-natal-qi
/roadblocks/,/writings/roadblocks
/stretching-at-work/,/writings/stretching-at-work
/strike-like-a-thunderbolt/,/writings/strike-like-a-thunderbolt
/tan-tien-chi-kung/,/writings/tan-tien-chi-kung
/plan-your-day-the-night-before/,/writings/plan-your-day-the-night-before
/upcoming-workshops/,/writings/upcoming-workshops
/solar-system-alchemy-merging-with-nature/,/writings/solar-system-alchemy-merging-with-nature
/let-go/,/writings/let-go
/the-morning-cafe-time/,/writings/the-morning-cafe-time
/to-see-the-order-of-the-universe/,/writings/to-see-the-order-of-the-universe
/reflexology-and/,/writings/reflexology-and
/2487-2/,/writings/2487-2
/finding-your-center-your-heart-awakens/,/writings/finding-your-center-your-heart-awakens
/peace-and-quiet-contentment/,/writings/peace-and-quiet-contentment
/mindfulness-and-peace/,/writings/mindfulness-and-peace
/introductory-chi-kung-benefits/,/writings/introductory-chi-kung-benefits
/the-energy-of-the-kidneys/,/writings/the-energy-of-the-kidneys
/the-six-healing-sounds/,/writings/the-six-healing-sounds
/your-vitality-or-your-possessions-keep-your-life-in-order/,/writings/your-vitality-or-your-possessions-keep-your-life-in-order
/habits/,/writings/habits
/beginning-and-returning/,/writings/beginning-and-returning
/standing-and-iron-shirt-chi-kung/,/writings/standing-and-iron-shirt-chi-kung
/simple-practices-self-care/,/writings/simple-practices-self-care
/self-reflection-time/,/writings/self-reflection-time
/creation-is-harmonious-in-its-totality-non-interference/,/writings/creation-is-harmonious-in-its-totality-non-interference
/deep-breathing-deep-rooting/,/writings/deep-breathing-deep-rooting
/iron-shirt-workshop/,/writings/iron-shirt-workshop
/people-in-ancient-times/,/writings/people-in-ancient-times
/ba-duan-jin-2/,/writings/ba-duan-jin-2
/why-the-tao-te-ching-2/,/writings/why-the-tao-te-ching-2
/tai-chi-required-in-chinese-high-school/,/writings/tai-chi-required-in-chinese-high-school
/mind-at-peace/,/writings/mind-at-peace
/connectedness-with-all-creation/,/writings/connectedness-with-all-creation
/diaphormatic-breathing/,/writings/diaphormatic-breathing
/gratitude-journaling-living-on-purpose/,/writings/gratitude-journaling-living-on-purpose
/deep-breathing/,/writings/deep-breathing
/your-best-season/,/writings/your-best-season
/nonviolence/,/writings/nonviolence
/monitoring-your-heart-rate/,/writings/monitoring-your-heart-rate
/produce-dont-possess-the-lung-sound/,/writings/produce-dont-possess-the-lung-sound
/the-heart-sound/,/writings/the-heart-sound
/hobbies-going-to-war/,/writings/hobbies-going-to-war
/the-ultimate-attainment/,/writings/the-ultimate-attainment
/draw-energy-up-gather-energy-at-the-navel/,/writings/draw-energy-up-gather-energy-at-the-navel
/2696-2/,/writings/2696-2
/ryokan-war/,/writings/ryokan-war
/massage-the-crown-fortify-the-kidneys/,/writings/massage-the-crown-fortify-the-kidneys
/grappling-with-fate/,/writings/grappling-with-fate
/tai-chi-uplifts-seal-your-sense/,/writings/tai-chi-uplifts-seal-your-sense
/bring-awareness-to-your-body/,/writings/bring-awareness-to-your-body
/chi-kung-for-digestion-enjoying-tai-chi/,/writings/chi-kung-for-digestion-enjoying-tai-chi
/massage-the-fingers/,/writings/massage-the-fingers
/strengthen-the-spine-store-energy-in-the-abdomen/,/writings/strengthen-the-spine-store-energy-in-the-abdomen
/fall-proof-your-home/,/writings/fall-proof-your-home
/fight-or-flight/,/writings/fight-or-flight
/death-poems/,/writings/death-poems
/cloud-hidden/,/writings/cloud-hidden
/sacrum-spiraling-knee-raises/,/writings/sacrum-spiraling-knee-raises
/smike-to-the-liver-stay-grounded/,/writings/smike-to-the-liver-stay-grounded
/message-in-water/,/writings/message-in-water
/responsibility/,/writings/responsibility
/enlightenment-chi-kung/,/writings/enlightenment-chi-kung
/internal-chi-breathing-bone-breathing/,/writings/internal-chi-breathing-bone-breathing
/where-the-stream-ends-yiquan/,/writings/where-the-stream-ends-yiquan
/relax-in-tai-chi-your-inner-divinity/,/writings/relax-in-tai-chi-your-inner-divinity
/tai-chi-and-parkinsons-technique/,/writings/tai-chi-and-parkinsons-technique
/cultivate-your-inner-spirit-follow-the-great-way/,/writings/cultivate-your-inner-spirit-follow-the-great-way
/small-cosmos-chi-kung-state/,/writings/small-cosmos-chi-kung-state
/resonance/,/writings/resonance
/stretch-the-tendons/,/writings/stretch-the-tendons
/the-tao-within-living-dying/,/writings/the-tao-within-living-dying
/serenity-in-action-balancing-five-elements/,/writings/serenity-in-action-balancing-five-elements
/like-an-infant-gone/,/writings/like-an-infant-gone
/bone-marrow-breathing-belt-channel-chi-kung/,/writings/bone-marrow-breathing-belt-channel-chi-kung
/alchemy-2/,/writings/alchemy-2
/make-calculations-five-musical-notes/,/writings/make-calculations-five-musical-notes
/connect-to-the-big-dipper/,/writings/connect-to-the-big-dipper
/taoism-made-simple/,/writings/taoism-made-simple
/tai-chi-helps-fibromyalgia/,/writings/tai-chi-helps-fibromyalgia
/winter-solstice/,/writings/winter-solstice
/the-longest-night-maximum-yin/,/writings/the-longest-night-maximum-yin
/deep-into-the-bones/,/writings/deep-into-the-bones
/stopping-by-woods-on-a-snowy-evening-by-robert-frost/,/writings/stopping-by-woods-on-a-snowy-evening-by-robert-frost
/let-your-body-be-still-2/,/writings/let-your-body-be-still-2
/finding-a-daily-practice/,/writings/finding-a-daily-practice
/begin-again-the-eternal-return/,/writings/begin-again-the-eternal-return
/gloomy-clouds/,/writings/gloomy-clouds
/tai-chi-principles-for-everyday-life/,/writings/tai-chi-principles-for-everyday-life
/where-should-i-start/,/writings/where-should-i-start-2018
/dont-try-to-control-2/,/writings/dont-try-to-control-2
/you-are-a-masterpiece/,/writings/you-are-a-masterpiece
/stages-in-managing-chi/,/writings/stages-in-managing-chi
/sit-comfortably-during-meditation/,/writings/sit-comfortably-during-meditation
/the-molecular-basis-of-emotions-and-health/,/writings/the-molecular-basis-of-emotions-and-health
/you-can-heal-yourself-using-the-chi-energy-of-trees-according-to-taoist-masters/,/writings/you-can-heal-yourself-using-the-chi-energy-of-trees-according-to-taoist-masters
/be-bright-but-not-flashy-2/,/writings/be-bright-but-not-flashy-2
/2967-2/,/writings/2967-2
/what-is-all/,/writings/what-is-all
/serenity-in-action/,/writings/serenity-in-action
/living-a-long-and-healthy-life/,/writings/living-a-long-and-healthy-life
/benefits-of-chi-kung/,/writings/benefits-of-chi-kung
/desire-for-winning/,/writings/desire-for-winning
/your-body-is-the-body-of-the-universe/,/writings/your-body-is-the-body-of-the-universe
/relax-with-the-inner-smile/,/writings/relax-with-the-inner-smile
/grow-positive-emotions/,/writings/grow-positive-emotions
/sound-and-music-therapy/,/writings/sound-and-music-therapy
/too-mush-fussing-ruins-the-process-2/,/writings/too-mush-fussing-ruins-the-process-2
/mirror-reflections/,/writings/mirror-reflections
/relax-the-shoulders/,/writings/relax-the-shoulders
/the-bioenergetic-basis-of-life/,/writings/the-bioenergetic-basis-of-life
/a-box-full-of-darkness/,/writings/a-box-full-of-darkness
/better-worse-or-same/,/writings/better-worse-or-same
/warming-the-stove/,/writings/warming-the-stove
/bring-awareness-to-the-navel/,/writings/bring-awareness-to-the-navel
/listen-with-the-kidneys/,/writings/listen-with-the-kidneys
/forest-bathing/,/writings/forest-bathing
/a-great-person-must-be-humble-and-yielding/,/writings/a-great-person-must-be-humble-and-yielding
/strength-in-relaxation/,/writings/strength-in-relaxation
/self-massage-and-vitality/,/writings/self-massage-and-vitality
/what-now/,/writings/what-now
/memories/,/writings/memories
/as-above-so-below/,/writings/as-above-so-below
/light-and-agile/,/writings/light-and-agile
/regenerative-energy/,/writings/regenerative-energy
/people-absorb-energy-from-others/,/writings/people-absorb-energy-from-others
/2019-the-year-of-the-pig/,/writings/2019-the-year-of-the-pig
/hang-in-there/,/writings/hang-in-there
/focus-on-health-before-youre-sick-2/,/writings/focus-on-health-before-youre-sick-2
/taoist-yoga-full-body-breathing/,/writings/taoist-yoga-full-body-breathing
/star-alchemy-2/,/writings/star-alchemy-2
/gather-energy-in-the-navel/,/writings/gather-energy-in-the-navel
/connectedness-of-the-tao/,/writings/connectedness-of-the-tao
/negative-ego-the-way-of-reactivity/,/writings/negative-ego-the-way-of-reactivity
/the-heart-sound-2/,/writings/the-heart-sound-2
/visualization-techniqies/,/writings/visualization-techniqies
/there-is-no-shortcut-to-lasting-enlightenment-3/,/writings/there-is-no-shortcut-to-lasting-enlightenment-3
/stress-reduction-in-the-workplace/,/writings/stress-reduction-in-the-workplace
/creating-results/,/writings/creating-results
/being-prepared/,/writings/being-prepared
/nutrition-and-awareness/,/writings/nutrition-and-awareness
/inhale-exhale/,/writings/inhale-exhale
/be-present-at-the-right-time/,/writings/be-present-at-the-right-time
/breathing-the-energy-of-nature/,/writings/breathing-the-energy-of-nature
/the-sun-and-the-heart-the-moon-and-the-kidneys/,/writings/the-sun-and-the-heart-the-moon-and-the-kidneys
/happiness/,/writings/happiness
/qigong-found-to-reduce-chronic-fatigue-symptoms-by-39/,/writings/qigong-found-to-reduce-chronic-fatigue-symptoms-by-39
/addressing-chronic-disease-in-the-workplace/,/writings/addressing-chronic-disease-in-the-workplace
/a-simple-life-is-the-easiest-to-live/,/writings/a-simple-life-is-the-easiest-to-live
/medical-benefits-of-tai-chi-postures/,/writings/medical-benefits-of-tai-chi-postures
/top-five-regrets-of-the-dying/,/writings/top-five-regrets-of-the-dying
/3176-2/,/writings/3176-2
/3188-2/,/writings/3188-2
/finding-the-truth/,/writings/finding-the-truth
/trees-and-meditation/,/writings/trees-and-meditation
/kidney-one-the-bubbling-spring/,/writings/kidney-one-the-bubbling-spring
/a-poppy-blooms/,/writings/a-poppy-blooms
/sun-moon-earth-alchemy/,/writings/sun-moon-earth-alchemy
/maintain-your-center-and-stay-calm/,/writings/maintain-your-center-and-stay-calm
/to-help-people-be-humble-2/,/writings/to-help-people-be-humble-2
/relax-the-waist/,/writings/relax-the-waist
/leap-into-the-boundless/,/writings/leap-into-the-boundless
/3236-2/,/writings/3236-2
/maintain-clarity-of-mind-2/,/writings/maintain-clarity-of-mind-2
/the-navel-influences-the-nearby-organs/,/writings/the-navel-influences-the-nearby-organs
/energy-meridian-meditation/,/writings/energy-meridian-meditation
/measuring-success/,/writings/measuring-success
/slap-the-back-of-the-knee-2/,/writings/slap-the-back-of-the-knee-2
/spring-equinox/,/writings/spring-equinox
/the-liver-sound/,/writings/the-liver-sound
/enlightenment/,/writings/enlightenment
/embracing-trees/,/writings/embracing-trees
/eight-brocades-chi-kung/,/writings/eight-brocades-chi-kung
/the-tao-is-practical-2/,/writings/the-tao-is-practical-2
/almost-attaining-happiness/,/writings/almost-attaining-happiness
/tai-chi-widsom-of-the-senses/,/writings/tai-chi-widsom-of-the-senses
/coordinate-upper-and-lower-body/,/writings/coordinate-upper-and-lower-body
/regrowing-the-tendons/,/writings/regrowing-the-tendons
/physical-movement-in-the-workplace-2/,/writings/physical-movement-in-the-workplace-2
/begin-chi-kung-go-slowly/,/writings/begin-chi-kung-go-slowly
/256-year-old-man/,/writings/256-year-old-man
/3314-2/,/writings/3314-2
/warm-and-tap-the-kidneys/,/writings/warm-and-tap-the-kidneys
/indulging-excessively/,/writings/indulging-excessively
/relax-the-mind-the-body-moves-freely/,/writings/relax-the-mind-the-body-moves-freely
/the-principle-of-balance/,/writings/the-principle-of-balance
/positive-cell-vibration/,/writings/positive-cell-vibration
/68-a-great-warrior-does-not-seek-war/,/writings/68-a-great-warrior-does-not-seek-war
/bones-generate-blood-cells/,/writings/bones-generate-blood-cells
/breathe-deeply/,/writings/breathe-deeply
/the-enjoyment-of-free-will/,/writings/the-enjoyment-of-free-will
/your-body-is-your-autobiography/,/writings/your-body-is-your-autobiography
/the-lotus-meditation/,/writings/the-lotus-meditation
/fung-shui-the-living-earth/,/writings/fung-shui-the-living-earth
/balance-energy-throughout-the-body/,/writings/balance-energy-throughout-the-body
/the-mountains-beauty/,/writings/the-mountains-beauty
/your-nervous-system-is-your-interface-with-life/,/writings/your-nervous-system-is-your-interface-with-life
/visualizing-health/,/writings/visualizing-health
/meditation-and-stress-reduction/,/writings/meditation-and-stress-reduction
/serenity/,/writings/serenity
/processing-mental-junk-before-bed/,/writings/processing-mental-junk-before-bed
/%ef%bb%bfachieving-checkmate-in-two-moves/,/writings/achieving-checkmate-in-two-moves
/the-general-who-protects-his-country/,/writings/the-general-who-protects-his-country
/sealing-of-the-senses/,/writings/sealing-of-the-senses
/steel-wrapped-in-cotton/,/writings/steel-wrapped-in-cotton
/standing-chi-kung-practices/,/writings/standing-chi-kung-practices
/mind-at-peace-2/,/writings/mind-at-peace-2
/ox-plows-a-humble-field/,/writings/ox-plows-a-humble-field
/being-present-under-pressure/,/writings/being-present-under-pressure
/meditation-keeps-your-brain-young/,/writings/meditation-keeps-your-brain-young
/is-forest-therapy-for-real/,/writings/is-forest-therapy-for-real
/observing-in-meditation/,/writings/observing-in-meditation
/be-like-the-tree-that-bends-in-the-storm-2/,/writings/be-like-the-tree-that-bends-in-the-storm-2
/move-heat-and-energy-from-your-head-to-your-bodys-organs/,/writings/move-heat-and-energy-from-your-head-to-your-bodys-organs
/being-happy-part-1/,/writings/being-happy-part-1
/when-death-comes-be-ready/,/writings/when-death-comes-be-ready
/the-inner-structure-of-tai-chi/,/writings/the-inner-structure-of-tai-chi
/immortality/,/writings/immortality
/self-massage-for-vitality/,/writings/self-massage-for-vitality
/distinguish-between-yin-and-yang-2/,/writings/distinguish-between-yin-and-yang-2
/blending-the-energies-of-nature/,/writings/blending-the-energies-of-nature
/nature-expands-where-there-is-lack/,/writings/nature-expands-where-there-is-lack
/mastery-is-a-process-of-undoing/,/writings/mastery-is-a-process-of-undoing
/empty-your-boat/,/writings/empty-your-boat
/intentional-way-of-being/,/writings/intentional-way-of-being
/liver-and-gallbladder-meridians/,/writings/liver-and-gallbladder-meridians
/what-are-your-habits/,/writings/what-are-your-habits
/perfect-as-you-are/,/writings/perfect-as-you-are
/bone-breathing-and-marrow-washing/,/writings/bone-breathing-and-marrow-washing
/what-is-alchemy/,/writings/what-is-alchemy
/the-large-intestine-life-cycle/,/writings/the-large-intestine-life-cycle
/tai-chi-for-depression/,/writings/tai-chi-for-depression
/what-is-it-but-a-dream/,/writings/what-is-it-but-a-dream
/yielding/,/writings/yielding
/healthy-spine-and-back-habits/,/writings/healthy-spine-and-back-habits
/appropriate-responses/,/writings/appropriate-responses
/making-peace-with-your-past/,/writings/making-peace-with-your-past
/inner-perspective-outer-perspective/,/writings/inner-perspective-outer-perspective
/taoism-persists/,/writings/taoism-persists
/eight-branches-of-the-great-dao/,/writings/eight-branches-of-the-great-dao
/practice-forgiveness/,/writings/practice-forgiveness
/where-are-you-going/,/writings/where-are-you-going
/heaven-and-earth/,/writings/heaven-and-earth
/tai-chi-observing-nature-and-imitating-it/,/writings/tai-chi-observing-nature-and-imitating-it
/simple-meditation/,/writings/simple-meditation
/follow-nature/,/writings/follow-nature
/writing-or-anything/,/writings/writing-or-anything
/the-spine-and-the-psoas/,/writings/the-spine-and-the-psoas
/nourish-gently-lead-quietly-2/,/writings/nourish-gently-lead-quietly-2
/reaching-to-heaven/,/writings/reaching-to-heaven
/the-tao-of-warren-buffett-and-patience/,/writings/the-tao-of-warren-buffett-and-patience
/dealing-with-burnout/,/writings/dealing-with-burnout
/3638-2/,/writings/3638-2
/the-fall-of-sisyphus-and-purpose/,/writings/the-fall-of-sisyphus-and-purpose
/a-simple-life-is-content-with-the-work-at-hand-2/,/writings/a-simple-life-is-content-with-the-work-at-hand-2
/open-mindedness/,/writings/open-mindedness
/developing-the-power-of-the-mind/,/writings/developing-the-power-of-the-mind
/as-within-so-without/,/writings/as-within-so-without
/the-snow-of-yesterday/,/writings/the-snow-of-yesterday
/what-is-alchemy-2/,/writings/what-is-alchemy-2
/the-microcosmic-orbit-2/,/writings/the-microcosmic-orbit-2
/passive-acceptance-or-active-resistance/,/writings/passive-acceptance-or-active-resistance
/summer-solstice-maximum-light-and-the-birth-of-darkness/,/writings/summer-solstice-maximum-light-and-the-birth-of-darkness
/the-heart-sound-3/,/writings/the-heart-sound-3
/the-nine-points-of-the-feet/,/writings/the-nine-points-of-the-feet
/how-can-i-be-healthier/,/writings/how-can-i-be-healthier
/star-alchemy-and-glands-of-the-head/,/writings/star-alchemy-and-glands-of-the-head
/even-in-kyoto/,/writings/even-in-kyoto
/little-thief-big-thief/,/writings/little-thief-big-thief
/persisting/,/writings/persisting
/talking-does-not-cause-enlightenment-2/,/writings/talking-does-not-cause-enlightenment-2
/tai-chi-chi-kung/,/writings/tai-chi-chi-kung
/what-is-taoism/,/writings/what-is-taoism-2019
/emerge-with-delight-leave-without-a-fuss/,/writings/emerge-with-delight-leave-without-a-fuss
/experiencing-time/,/writings/experiencing-time
/stress-worry-fear/,/writings/stress-worry-fear
/let-your-thoughts-float-by/,/writings/let-your-thoughts-float-by
/taoist-treatise-on-health-and-disease/,/writings/taoist-treatise-on-health-and-disease
/when-useless-things-dont-stick-in-the-mind/,/writings/when-useless-things-dont-stick-in-the-mind
/taoist-dream-practice/,/writings/taoist-dream-practice
/the-art-of-war/,/writings/the-art-of-war
/what-really-matters/,/writings/what-really-matters
/chi-kung-with-the-moon/,/writings/chi-kung-with-the-moon
/a-river-of-energy-flows-inside-you/,/writings/a-river-of-energy-flows-inside-you
/inner-alchemy-and-astrology/,/writings/inner-alchemy-and-astrology
/strengthening-bone-marrow/,/writings/strengthening-bone-marrow
/a-feeing-of-separation/,/writings/a-feeing-of-separation
/finding-the-tao/,/writings/finding-the-tao
/no-concerns-at-all/,/writings/no-concerns-at-all
/glowing-health/,/writings/glowing-health
/3808-2/,/writings/3808-2
/meditation-and-a-new-perspective/,/writings/meditation-and-a-new-perspective
/farewell-poem/,/writings/farewell-poem
/build-strong-energy/,/writings/build-strong-energy
/connect-to-the-earth/,/writings/connect-to-the-earth
/the-frequency-of-creation/,/writings/the-frequency-of-creation
/tapping-the-wind-gate/,/writings/tapping-the-wind-gate
/renaissance/,/writings/renaissance
/the-triple-warmer/,/writings/the-triple-warmer
/tai-chi-preventative-medicine/,/writings/tai-chi-preventative-medicine
/keep-your-mind-with-your-body/,/writings/keep-your-mind-with-your-body
/tendon-power/,/writings/tendon-power
/a-drop-of-dew/,/writings/a-drop-of-dew
/taoist-inner-alchemy/,/writings/taoist-inner-alchemy
/the-psoas-and-squatting/,/writings/the-psoas-and-squatting
/benefits-of-green-space/,/writings/benefits-of-green-space
/a-simple-life-leads-to-clarity-3/,/writings/a-simple-life-leads-to-clarity-3
/abandon-yourself/,/writings/abandon-yourself
/temporary-defeat-v-failure-2/,/writings/temporary-defeat-v-failure-2
/taoist-world-view/,/writings/taoist-world-view
/modern-lifestyles-versus-sages-of-old/,/writings/modern-lifestyles-versus-sages-of-old
/inner-smiling/,/writings/inner-smiling
/mans-end/,/writings/mans-end
/benefits-of-martial-arts-for-your-child/,/writings/benefits-of-martial-arts-for-your-child
/seeking-approval-its-never-found/,/writings/seeking-approval-its-never-found
/the-earth-element/,/writings/the-earth-element
/the-goodness-inside-you/,/writings/the-goodness-inside-you
/transform-negative-emotions/,/writings/transform-negative-emotions
/homeostasis/,/writings/homeostasis
/sun-moon-earth-alchemy-2/,/writings/sun-moon-earth-alchemy-2
/cease-striving/,/writings/cease-striving
/be-unattached-to-the-outcome/,/writings/be-unattached-to-the-outcome
/3953-2/,/writings/3953-2
/connected-to-everything/,/writings/connected-to-everything
/go-slow-have-fun/,/writings/go-slow-have-fun
/store-energy-in-the-lower-abdomen/,/writings/store-energy-in-the-lower-abdomen
/tai-chi-players-are-less-likely-to-die/,/writings/tai-chi-players-are-less-likely-to-die
/smile-to-the-organs/,/writings/smile-to-the-organs
/virtue/,/writings/virtue
/nurture-your-essence/,/writings/nurture-your-essence
/be-resolved-from-the-beginning/,/writings/be-resolved-from-the-beginning
/major-benefits-of-the-healing-taos-basic-chi-kung-and-tai-chi/,/writings/major-benefits-of-the-healing-taos-basic-chi-kung-and-tai-chi
/building-a-practice/,/writings/building-a-practice
/taoist-breathing/,/writings/taoist-breathing
/getting-healthy/,/writings/getting-healthy
/recharge-your-batteries/,/writings/recharge-your-batteries
/4012-2/,/writings/4012-2
/practice-being-embodied/,/writings/practice-being-embodied
/still-the-senses/,/writings/still-the-senses
/glands-of-the-brain/,/writings/glands-of-the-brain
/nature-in-the-body/,/writings/nature-in-the-body
/the-abdominal-brain/,/writings/the-abdominal-brain
/warm-the-stove/,/writings/warm-the-stove
/at-the-end-of-a-mediation/,/writings/at-the-end-of-a-mediation
/why-taoism/,/writings/why-taoism-2019
/regrowing-bone-marrow/,/writings/regrowing-bone-marrow
/mind-like-a-mirror/,/writings/mind-like-a-mirror
/recalling-my-youth/,/writings/recalling-my-youth
/out-door-prescriptions/,/writings/out-door-prescriptions
/touching-the-points/,/writings/touching-the-points
/the-pill-of-immortality/,/writings/the-pill-of-immortality
/breathing-in-autumn/,/writings/breathing-in-autumn
/metal-element-in-balance/,/writings/metal-element-in-balance
/equinox-equal-night/,/writings/equinox-equal-night
/strengthen-the-lungs/,/writings/strengthen-the-lungs
/meeting-hard-was-with-softness/,/writings/meeting-hard-was-with-softness
/put-down-your-sword/,/writings/put-down-your-sword
/the-health-of-the-spine/,/writings/the-health-of-the-spine
/physical-health-and-chess/,/writings/physical-health-and-chess
/contentment/,/writings/contentment
/4123-2/,/writings/4123-2
/opening-the-third-eye/,/writings/opening-the-third-eye
/grounding-energy/,/writings/grounding-energy
/no-path/,/writings/no-path
/birthing-cells/,/writings/birthing-cells
/happiness-stems-from-connections/,/writings/happiness-stems-from-connections
/swallowing-saliva/,/writings/swallowing-saliva
/above-below-within-without/,/writings/above-below-within-without
/what-is-tao/,/writings/what-is-tao
/strengthen-the-senses/,/writings/strengthen-the-senses
/energy-moves/,/writings/energy-moves
/autumn-wind/,/writings/autumn-wind
/difficult-and-uncertain-terrain/,/writings/difficult-and-uncertain-terrain
/kidneys-and-related-organs/,/writings/kidneys-and-related-organs
/how-do-we-stop-the-mind/,/writings/how-do-we-stop-the-mind
/questions-on-taoism/,/writings/questions-on-taoism
/tendon-strength-2/,/writings/tendon-strength-2
/ill-winds-in-the-belly/,/writings/ill-winds-in-the-belly
/the-whim-of-the-wind/,/writings/the-whim-of-the-wind
/a-system-of-self-care/,/writings/a-system-of-self-care
/hormones-and-aging/,/writings/hormones-and-aging
/the-bodys-thermostat/,/writings/the-bodys-thermostat
/dreaming/,/writings/dreaming
/fuse-the-senses/,/writings/fuse-the-senses
/fascia-protective-tissue-around-organs/,/writings/fascia-protective-tissue-around-organs
/mind-like-a-mirror-2/,/writings/mind-like-a-mirror-2
/listening-to-intuition/,/writings/listening-to-intuition
/so-what-now-what/,/writings/so-what-now-what
/calm-down-the-organs/,/writings/calm-down-the-organs
/the-six-healing-sounds-continued/,/writings/the-six-healing-sounds-continued
/open-the-door-of-life/,/writings/open-the-door-of-life
/keep-your-energy-strong/,/writings/keep-your-energy-strong
/feeling-the-flow-of-energy/,/writings/feeling-the-flow-of-energy
/the-cosmic-clock/,/writings/the-cosmic-clock
/treat-your-body/,/writings/treat-your-body
/the-health-of-the-spine-2/,/writings/the-health-of-the-spine-2
/what-you-resist-persists/,/writings/what-you-resist-persists
/create-quietness-inside/,/writings/create-quietness-inside
/4296-2/,/writings/4296-2
/tune-in-turn-on/,/writings/tune-in-turn-on
/a-stressful-world/,/writings/a-stressful-world
/using-energy/,/writings/using-energy
/the-five-elements-of-nature/,/writings/the-five-elements-of-nature
/growing-spiritually/,/writings/growing-spiritually
/bitter-winds-of-winter/,/writings/bitter-winds-of-winter
/why-chi-kung/,/writings/why-chi-kung
/slow-and-steady/,/writings/slow-and-steady
/trust-people/,/writings/trust-people
/jing-chi-and-shen/,/writings/jing-chi-and-shen
/benefits-of-a-chi-kung-state/,/writings/benefits-of-a-chi-kung-state
/detoxify-the-skin/,/writings/detoxify-the-skin
/self-massage-to-spark-vitality/,/writings/self-massage-to-spark-vitality
/quiet-sleep/,/writings/quiet-sleep
/taoist-healing-love/,/writings/taoist-healing-love
/finding-purpose/,/writings/finding-purpose
/when-tao-is-forgotten/,/writings/when-tao-is-forgotten
/tune-your-body-like-an-instrument/,/writings/tune-your-body-like-an-instrument
/an-in-the-body-experience/,/writings/an-in-the-body-experience
/train-the-brain/,/writings/train-the-brain
/gratitude/,/writings/gratitude
/abdominal-brain/,/writings/abdominal-brain
/vitality-later-in-life/,/writings/vitality-later-in-life
/warm-the-stove-2/,/writings/warm-the-stove-2
/responding-to-change/,/writings/responding-to-change
/the-water-element/,/writings/the-water-element
/focus-on-simplicity/,/writings/focus-on-simplicity
/forgiveness/,/writings/forgiveness
/harvard-tai-chi-study/,/writings/harvard-tai-chi-study
/hot-and-cold-in-the-body/,/writings/hot-and-cold-in-the-body
/pillars-of-survival/,/writings/pillars-of-survival
/energy-flows-when-we-relax/,/writings/energy-flows-when-we-relax
/energy-flows-when-we-relax-part-2/,/writings/energy-flows-when-we-relax-part-2
/no-death-no-life/,/writings/no-death-no-life
/returning/,/writings/returning
/the-sacrum/,/writings/the-sacrum
/fusing-the-five-elements/,/writings/fusing-the-five-elements
/build-a-foundation/,/writings/build-a-foundation
/the-embryos-navel/,/writings/the-embryos-navel
/chaos-opportunities/,/writings/chaos-opportunities
/the-large-intestine/,/writings/the-large-intestine
/deeply-breathing/,/writings/deeply-breathing
/stillness-of-winter/,/writings/stillness-of-winter
/sink-deep-into-your-bones/,/writings/sink-deep-into-your-bones
/miles-to-go-before-i-sleep/,/writings/miles-to-go-before-i-sleep
/stillness/,/writings/stillness
/as-a-wave-to-the-ocean/,/writings/as-a-wave-to-the-ocean
/fusion-of-five-elements-practice/,/writings/fusion-of-five-elements-practice
/avoid-toxic-energy-psychic-boundaries/,/writings/avoid-toxic-energy-psychic-boundaries
/sleep-hygiene-habits/,/writings/sleep-hygiene-habits
/happiness-what-happens/,/writings/happiness-what-happens
/maintain-your-center-2/,/writings/maintain-your-center-2
/taoist-solar-system-mediation/,/writings/taoist-solar-system-mediation
/how-should-i-begin-a-meditation-program/,/writings/how-should-i-begin-a-meditation-program
/thoughts-in-the-silent-night/,/writings/thoughts-in-the-silent-night
/skin-breathing/,/writings/skin-breathing
/senses-filter-negative-emotions/,/writings/senses-filter-negative-emotions
/get-to-know-your-organs/,/writings/get-to-know-your-organs
/a-passage-of-wind/,/writings/a-passage-of-wind
/being-in-discovery-part-1/,/writings/being-in-discovery-part-1
/being-in-discovery-part-2/,/writings/being-in-discovery-part-2
/make-plans-that-benefit-all/,/writings/make-plans-that-benefit-all
/as-within-so-without-2/,/writings/as-within-so-without-2
/tai-chi-in-life/,/writings/tai-chi-in-life
/the-knees-hold-toxins/,/writings/the-knees-hold-toxins
/low-center-of-gravity/,/writings/low-center-of-gravity
/taoisms-focus/,/writings/taoisms-focus
/a-yin-practice/,/writings/a-yin-practice
/natural-aging/,/writings/natural-aging
/discipline-v-flexibility/,/writings/discipline-v-flexibility
/why-learn-tai-chi/,/writings/why-learn-tai-chi
/the-adrenal-glands/,/writings/the-adrenal-glands
/chi-and-blood/,/writings/chi-and-blood
/the-yoga-of-pilgrimage/,/writings/the-yoga-of-pilgrimage
/yet-it-is/,/writings/yet-it-is
/why-the-six-healing-sounds/,/writings/why-the-six-healing-sounds
/six-healing-sounds-more-info/,/writings/six-healing-sounds-more-info
/storing-energy-in-the-body/,/writings/storing-energy-in-the-body
/the-year-of-the-rat/,/writings/the-year-of-the-rat
/vitality-or-possessions/,/writings/vitality-or-possessions
/storing-energy-in-the-brain/,/writings/storing-energy-in-the-brain
/beating-the-health-averages/,/writings/beating-the-health-averages
/stretch-tendons-open-joints/,/writings/stretch-tendons-open-joints
/energy-likes-to-move/,/writings/energy-likes-to-move
/the-philosophy-of-chi/,/writings/the-philosophy-of-chi
/breathing-as-a-habit/,/writings/breathing-as-a-habit
/energy-self-massage/,/writings/energy-self-massage
/find-gold-within/,/writings/find-gold-within
/feel-energy-in-the-channels/,/writings/feel-energy-in-the-channels
/spinal-cord-chi-kung/,/writings/spinal-cord-chi-kung
/forgetting-words/,/writings/forgetting-words
/awaken-your-energy/,/writings/awaken-your-energy
/earth-sun-moon-alchemy-2/,/writings/earth-sun-moon-alchemy-2
/lengthen-the-spine/,/writings/lengthen-the-spine
/simple-and-effective/,/writings/simple-and-effective
/grounded-in-reality/,/writings/grounded-in-reality
/magnifying-your-energy/,/writings/magnifying-your-energy
/expel-sick-winds-from-the-body/,/writings/expel-sick-winds-from-the-body
/self-care/,/writings/self-care
/befriend-your-organs/,/writings/befriend-your-organs
/tai-chi-for-fibromyalgia/,/writings/tai-chi-for-fibromyalgia
/what-is-is/,/writings/what-is-is
/the-throat-and-dreaming/,/writings/the-throat-and-dreaming
/activate-your-bones/,/writings/activate-your-bones
/the-energy-of-the-hands/,/writings/the-energy-of-the-hands
/anything-mentionable-is-manageable/,/writings/anything-mentionable-is-manageable
/contemplation/,/writings/contemplation
/eight-extraordinary-channels/,/writings/eight-extraordinary-channels
/conserving-energy/,/writings/conserving-energy
/balancing-energy/,/writings/balancing-energy
/taoism-ancient-and-modern/,/writings/taoism-ancient-and-modern
/transforming-energy/,/writings/transforming-energy
/self-care-techniques/,/writings/self-care-techniques
/safety-precautions/,/writings/safety-precautions
/start-in-your-hula-hoop/,/writings/start-in-your-hula-hoop
/the-lower-tan-tien/,/writings/the-lower-tan-tien
/emulate-the-pattern-of-nature-3/,/writings/emulate-the-pattern-of-nature-3
/increasing-energy/,/writings/increasing-energy
/why-the-microcosmic-orbit/,/writings/why-the-microcosmic-orbit
/wait-in-stillness/,/writings/wait-in-stillness
/transmitting-energy/,/writings/transmitting-energy
/qigong-and-depression/,/writings/qigong-and-depression
/dance-by-rumi/,/writings/dance-by-rumi
/good-news-on-covid-19/,/writings/good-news-on-covid-19
/deep-breathing-before-bed/,/writings/deep-breathing-before-bed
/iron-shirt-chi-kung-and-health/,/writings/iron-shirt-chi-kung-and-health
/equal-nights/,/writings/equal-nights
/spring-time-of-the-liver/,/writings/spring-time-of-the-liver
/tips-for-being-present/,/writings/tips-for-being-present
/structure-of-the-bones/,/writings/structure-of-the-bones
/pack-energy-protect-organs/,/writings/pack-energy-protect-organs
/dont-believe-me/,/writings/dont-believe-me
/within-and-without/,/writings/within-and-without
/build-a-foundation-2/,/writings/build-a-foundation-2
/waking-and-dreaming-worlds/,/writings/waking-and-dreaming-worlds
/flushing-the-blood-at-the-groin/,/writings/flushing-the-blood-at-the-groin
/the-seat-of-emotions/,/writings/the-seat-of-emotions
/pain-is-stuck-energy/,/writings/pain-is-stuck-energy
/our-point-of-view/,/writings/our-point-of-view
/4803-2/,/writings/4803-2
/practice-resting/,/writings/practice-resting
/clearing-the-deck-before-sleep%e2%80%8b/,/writings/clearing-the-deck-before-sleep
/creating-change/,/writings/creating-change
/the-pineal-gland-2/,/writings/the-pineal-gland-2
/senses-organs-and-emotions/,/writings/senses-organs-and-emotions
/john-prine-on-emotions/,/writings/john-prine-on-emotions
/fill-the-joints-with-chi/,/writings/fill-the-joints-with-chi
/4833-2/,/writings/4833-2
/squatting/,/writings/squatting
/finding-that-motivation/,/writings/finding-that-motivation
/juicy-yin-and-yang/,/writings/juicy-yin-and-yang
/a-system-of-healing/,/writings/a-system-of-healing
/plowing-a-humble-field/,/writings/plowing-a-humble-field
/dumping-negative-emotions/,/writings/dumping-negative-emotions
/laughing-practice/,/writings/laughing-practice
/practical-taoism/,/writings/practical-taoism
/laughing-baby-exercise/,/writings/laughing-baby-exercise
/cancer-is-2nd/,/writings/cancer-is-2nd
/monkey-mind/,/writings/monkey-mind
/question-on-sexual-health/,/writings/question-on-sexual-health
/the-earths-alchemy/,/writings/the-earths-alchemy
/eight-great-rivers/,/writings/eight-great-rivers
/growing-virtue-in-the-body/,/writings/growing-virtue-in-the-body
/feeling-energy-in-the-body/,/writings/feeling-energy-in-the-body
/breathing-basics/,/writings/breathing-basics
/leadership/,/writings/leadership
/basis-of-the-inner-smile/,/writings/basis-of-the-inner-smile
/bladder-chi-kung/,/writings/bladder-chi-kung
/energy-meridians/,/writings/energy-meridians
/chinese-and-western-medicine/,/writings/chinese-and-western-medicine
/darkness/,/writings/darkness
/foundational-taoist-practices/,/writings/foundational-taoist-practices
/mixing-moon-and-sun/,/writings/mixing-moon-and-sun
/massaging-the-skull/,/writings/massaging-the-skull
/encouraging-words/,/writings/encouraging-words
/who-is-the-psoas-muscle/,/writings/who-is-the-psoas-muscle
/we-are-stardust/,/writings/we-are-stardust
/hands-cold-feet-cold/,/writings/hands-cold-feet-cold
/chi-pressure/,/writings/chi-pressure
/corners-of-the-mouth/,/writings/corners-of-the-mouth
/qigong-teachings/,/writings/qigong-teachings
/using-the-belly-brain/,/writings/using-the-belly-brain
/standing-practice/,/writings/standing-practice
/taoist-nutrition/,/writings/taoist-nutrition
/shape-of-the-navel/,/writings/shape-of-the-navel
/4996-2/,/writings/4996-2
/taoism-and-secrecy/,/writings/taoism-and-secrecy
/strengthen-your-weaknesses/,/writings/strengthen-your-weaknesses
/spiritual-connection/,/writings/spiritual-connection
/work-with-circumstances/,/writings/work-with-circumstances
/the-bodys-orbit/,/writings/the-bodys-orbit
/remember-reality/,/writings/remember-reality
/external-diagnosis/,/writings/external-diagnosis
/anchor-in-the-physical-body/,/writings/anchor-in-the-physical-body
/50-keep-your-life-in-order/,/writings/50-keep-your-life-in-order
/healing-transmissions/,/writings/healing-transmissions
/everything-changes/,/writings/everything-changes
/ba-duan-jin-3/,/writings/ba-duan-jin-3
/opening-the-orbit/,/writings/opening-the-orbit
/the-five-earth-gates/,/writings/the-five-earth-gates
/the-moon-in-the-sky/,/writings/the-moon-in-the-sky
/relaxing-vital-organs/,/writings/relaxing-vital-organs
/the-sacral-pump/,/writings/the-sacral-pump
/fire-and-water-in-the-body/,/writings/fire-and-water-in-the-body
/soles-of-the-feet-and-bone-breathing/,/writings/soles-of-the-feet-and-bone-breathing
/big-dipper-meditation/,/writings/big-dipper-meditation
/prevention/,/writings/prevention
/sun-and-moon-in-the-body/,/writings/sun-and-moon-in-the-body
/the-great-mystery/,/writings/the-great-mystery
/survival-strategies/,/writings/survival-strategies
/51-guiding-but-not-interfering/,/writings/51-guiding-but-not-interfering
/strengthening-the-senses/,/writings/strengthening-the-senses
/spinal-cord-orbit/,/writings/spinal-cord-orbit
/dancing-drumming-and-sexual-energy/,/writings/dancing-drumming-and-sexual-energy
/5112-2/,/writings/5112-2
/summer-solstice/,/writings/summer-solstice
/the-sun-stands-still/,/writings/the-sun-stands-still
/connect-to-sources-of-energy/,/writings/connect-to-sources-of-energy
/heart-and-hands/,/writings/heart-and-hands
/depletion-of-energy/,/writings/depletion-of-energy
/healing-as-a-gift/,/writings/healing-as-a-gift
/low-center-of-gravity-2/,/writings/low-center-of-gravity-2
/when-organs-quit/,/writings/when-organs-quit
/the-quality-of-energy/,/writings/the-quality-of-energy
/bouncing-practice/,/writings/bouncing-practice
/one-way-to-relax/,/writings/one-way-to-relax
/sleep-and-dreams/,/writings/sleep-and-dreams
/paracelsus-on-healing/,/writings/paracelsus-on-healing
/life-style/,/writings/life-style
/chi-kung-warmups/,/writings/chi-kung-warmups
/fingers-emotions-and-organs/,/writings/fingers-emotions-and-organs
/mung-bean-hitting/,/writings/mung-bean-hitting
/self-love/,/writings/self-love
/washing-the-bone-marrow/,/writings/washing-the-bone-marrow
/relaxation-letting-go-surrender/,/writings/relaxation-letting-go-surrender
/energy-leakage/,/writings/energy-leakage
/healing-as-a-gift-2/,/writings/healing-as-a-gift-2
/a-vehicle-for-consciousness/,/writings/a-vehicle-for-consciousness
/toxins-the-small-intestine/,/writings/toxins-the-small-intestine
/hiatal-hernia/,/writings/hiatal-hernia
/generating-saliva/,/writings/generating-saliva
/pulsing-meditation/,/writings/pulsing-meditation
/tai-chi-and-a-tree/,/writings/tai-chi-and-a-tree
/sexual-energy-massage/,/writings/sexual-energy-massage
/high-blood-pressure/,/writings/high-blood-pressure
/chakras-and-glands/,/writings/chakras-and-glands
/dewdrops-falling/,/writings/dewdrops-falling
/blackening-in-alchemy/,/writings/blackening-in-alchemy
/love-is-my-religion/,/writings/love-is-my-religion
/water-in-alchemy/,/writings/water-in-alchemy
/honoring-nature/,/writings/honoring-nature
/self-healing-and-wholeness/,/writings/self-healing-and-wholeness
/no-use-for-the-empire/,/writings/no-use-for-the-empire
/fusion-of-five-elements-practice-2/,/writings/fusion-of-five-elements-practice-2
/separation-in-alchemy/,/writings/separation-in-alchemy
/moon-connection/,/writings/moon-connection
/mixing-sun-and-moon/,/writings/mixing-sun-and-moon
/meditation/,/writings/meditation
/belt-channel-dai-mai/,/writings/belt-channel-dai-mai
/the-quality-of-chi/,/writings/the-quality-of-chi
/tai-chi-and-softness/,/writings/tai-chi-and-softness
/conjunction-in-alchemy/,/writings/conjunction-in-alchemy
/massage-the-chest/,/writings/massage-the-chest
/tongue-kung-fu/,/writings/tongue-kung-fu
/honey-like-energy/,/writings/honey-like-energy
/nourishing-life/,/writings/nourishing-life
/circulate-the-microcosmic-orbit/,/writings/circulate-the-microcosmic-orbit
/five-element-nutrition/,/writings/five-element-nutrition
/fermentation-in-alchemy/,/writings/fermentation-in-alchemy
/why-old-people-are-grouchy/,/writings/why-old-people-are-grouchy
/low-blood-pressure/,/writings/low-blood-pressure
/awakening-energy-in-the-body/,/writings/awakening-energy-in-the-body
/peace-is-elusive-the-harder-you-search/,/writings/peace-is-elusive-the-harder-you-search
/wagging-the-tail/,/writings/wagging-the-tail
/overheating/,/writings/overheating
/rolling-the-abdomen/,/writings/rolling-the-abdomen
/exploring-taoism/,/writings/exploring-taoism
/exploring-taoism-2/,/writings/exploring-taoism-2
/planet-earth-as-an-alchemist/,/writings/planet-earth-as-an-alchemist
/preparations-for-meditation/,/writings/preparations-for-meditation
/staring-into-the-heavens/,/writings/staring-into-the-heavens
/squeezing-the-pc-muscle/,/writings/squeezing-the-pc-muscle
/a-healthy-abdomen/,/writings/a-healthy-abdomen
/suggestions-for-a-daily-practice/,/writings/suggestions-for-a-daily-practice
/let-your-body-be-still-3/,/writings/let-your-body-be-still-3
/smiling-to-the-nervous-system/,/writings/smiling-to-the-nervous-system
/autonomic-body-functions/,/writings/autonomic-body-functions
/advice-on-healing-love-for-men/,/writings/advice-on-healing-love-for-men
/flight-from-the-shadow/,/writings/flight-from-the-shadow
/hip-rotations/,/writings/hip-rotations
/relief-for-the-head/,/writings/relief-for-the-head
/upward-stretching-and-twisting/,/writings/upward-stretching-and-twisting
/distillation-in-alchemy/,/writings/distillation-in-alchemy
/happy-autumn-breathing-and-the-metal-element/,/writings/happy-autumn-breathing-and-the-metal-element
/coagulation-in-alchemy/,/writings/coagulation-in-alchemy
/rubbing-the-points-of-the-feet/,/writings/rubbing-the-points-of-the-feet
/the-solar-plexus-and-related-organs/,/writings/the-solar-plexus-and-related-organs
/low-center-of-gravity-3/,/writings/low-center-of-gravity-3
/feelings-and-emotions/,/writings/feelings-and-emotions
/compassion-the-combination-of-virtues/,/writings/compassion-the-combination-of-virtues
/the-nature-of-the-moon/,/writings/the-nature-of-the-moon
/signs-of-health/,/writings/signs-of-health
/the-five-climates-and-health/,/writings/the-five-climates-and-health
/warming-the-organs/,/writings/warming-the-organs
/the-hands-guide-energy/,/writings/the-hands-guide-energy
/hitting-the-abdominal-area/,/writings/hitting-the-abdominal-area
/the-eyes/,/writings/the-eyes
/energy-in-the-tan-tien/,/writings/energy-in-the-tan-tien
/activate-the-immune-system/,/writings/activate-the-immune-system
/embrace-the-tree-posture/,/writings/embrace-the-tree-posture
/find-our-base/,/writings/find-our-base
/skin-detoxification/,/writings/skin-detoxification
/taoist-tendon-exercises/,/writings/taoist-tendon-exercises
/sick-winds-and-trapped-gases/,/writings/sick-winds-and-trapped-gases
/the-heart/,/writings/the-heart
/anchoring-in-the-body/,/writings/anchoring-in-the-body
/keep-your-energy-strong-2/,/writings/keep-your-energy-strong-2
/the-whole-body/,/writings/the-whole-body
/stars-and-society/,/writings/stars-and-society
/cleaning-with-the-sun/,/writings/cleaning-with-the-sun
/wander-in-simplicity/,/writings/wander-in-simplicity
/swallowing-golden-elixir/,/writings/swallowing-golden-elixir
/daily-activities-and-organs/,/writings/daily-activities-and-organs
/daily-activities-and-organs-part-2/,/writings/daily-activities-and-organs-part-2
/the-neck-and-throat/,/writings/the-neck-and-throat
/opening-the-microcosmic-energy-channel/,/writings/opening-the-microcosmic-energy-channel
/cleaning-the-face/,/writings/cleaning-the-face
/lower-limb-circulation/,/writings/lower-limb-circulation
/meeting-hardness-with-softness/,/writings/meeting-hardness-with-softness
/recharge-your-batteries-2/,/writings/recharge-your-batteries-2
/the-back-of-the-knee/,/writings/the-back-of-the-knee
/water-in-nature-and-the-body/,/writings/water-in-nature-and-the-body
/sealing-of-the-senses-2/,/writings/sealing-of-the-senses-2
/qigong-reduces-fatigue-by-39/,/writings/qigong-reduces-fatigue-by-39
/fire-in-nature-and-the-body/,/writings/fire-in-nature-and-the-body
/warming-the-lower-abdomen/,/writings/warming-the-lower-abdomen
/as-above-so-below-2/,/writings/as-above-so-below-2
/spinal-cord-breathing/,/writings/spinal-cord-breathing
/squatting-2/,/writings/squatting-2
/sacrum-spiraling/,/writings/sacrum-spiraling
/knee-raises/,/writings/knee-raises
/the-back-of-the-heart/,/writings/the-back-of-the-heart
/build-strong-lungs/,/writings/build-strong-lungs
/2021-year-of-the-ox/,/writings/2021-year-of-the-ox
/kidney-building-2/,/writings/kidney-building-2
/taoist-dream-practice-2/,/writings/taoist-dream-practice-2
/the-large-intestine-2/,/writings/the-large-intestine-2
/move-heat-from-your-head/,/writings/move-heat-from-your-head
/meditation-and-perspective/,/writings/meditation-and-perspective
/mind-and-body/,/writings/mind-and-body
/coordinate-upper-and-lower-body-2/,/writings/coordinate-upper-and-lower-body-2
/healthy-spine-and-back-habits-2/,/writings/healthy-spine-and-back-habits-2
/the-geometry-of-standing/,/writings/the-geometry-of-standing
/star-meditation/,/writings/star-meditation
/like-the-little-stream/,/writings/like-the-little-stream
/branches-of-taoist-study/,/writings/branches-of-taoist-study
/5687-2/,/writings/5687-2
/taoists-on-health-and-disease/,/writings/taoists-on-health-and-disease
/undoing/,/writings/undoing
/taoist-world-view-2/,/writings/taoist-world-view-2
/the-tree-that-bends-in-the-storm/,/writings/the-tree-that-bends-in-the-storm
/respond-like-a-pond/,/writings/respond-like-a-pond
/observing-in-meditation-2/,/writings/observing-in-meditation-2
/four-pieces-of-brocade/,/writings/four-pieces-of-brocade
/follow-nature-2/,/writings/follow-nature-2
/the-bodys-thermostat-2/,/writings/the-bodys-thermostat-2
/fish-sinking-to-the-bottom-of-an-icy-pond/,/writings/fish-sinking-to-the-bottom-of-an-icy-pond
/the-quiet-of-winter/,/writings/the-quiet-of-winter
/bone-meditations/,/writings/bone-meditations
/squatting-and-the-psoas-muscle/,/writings/squatting-and-the-psoas-muscle
/activities-of-daily-living/,/writings/activities-of-daily-living
/practice-the-microcosmic-orbit/,/writings/practice-the-microcosmic-orbit
/tai-chi-chi-kung-2/,/writings/tai-chi-chi-kung-2
/no-concern-at-all/,/writings/no-concern-at-all
/alchemy-of-the-planets/,/writings/alchemy-of-the-planets
/merging-heaven-and-earth/,/writings/merging-heaven-and-earth
/internal-alchemy/,/writings/internal-alchemy-2021
/sun-tzu-and-battle/,/writings/sun-tzu-and-battle
/the-life-force/,/writings/the-life-force
/climbing-a-sacred-mountain/,/writings/climbing-a-sacred-mountain
/dream-practice-2/,/writings/dream-practice-2
/bone-breathing/,/writings/bone-breathing
/honoring-nature-2/,/writings/honoring-nature-2
/relaxation/,/writings/relaxation
/glands-and-chakras/,/writings/glands-and-chakras
/the-triple-warmer-2/,/writings/the-triple-warmer-2
/connect-to-the-earth-2/,/writings/connect-to-the-earth-2
/cultivating-strong-energy/,/writings/cultivating-strong-energy
/meditation-and-perspective-2/,/writings/meditation-and-perspective-2
/unifying-our-energy/,/writings/unifying-our-energy
/separation/,/writings/separation
/strong-bone-marrow/,/writings/strong-bone-marrow
/taoist-living-astrology/,/writings/taoist-living-astrology
/a-river-of-energy/,/writings/a-river-of-energy
/meditation-and-the-moon/,/writings/meditation-and-the-moon
/sources-of-stress-and-worry/,/writings/sources-of-stress-and-worry
/emerge-and-leave/,/writings/emerge-and-leave
/taoism/,/writings/taoism
/tai-chi-chi-kung-3/,/writings/tai-chi-chi-kung-3
/in-charge/,/writings/in-charge
/the-journey-of-1000-miles/,/writings/the-journey-of-1000-miles
/benefits-of-chi-kung-and-tai-chi/,/writings/benefits-of-chi-kung-and-tai-chi
/store-energy-in-the-lower-abdomen-2/,/writings/store-energy-in-the-lower-abdomen-2
/virtue-2/,/writings/virtue-2
/2021-year-of-the-metal-ox/,/writings/2021-year-of-the-metal-ox
/smiling-to-the-organs/,/writings/smiling-to-the-organs
/connected/,/writings/connected
/the-metal-element/,/writings/the-metal-element
/sun-moon-earth-alchemy-3/,/writings/sun-moon-earth-alchemy-3
/%e2%80%8bhomeostasis/,/writings/homeostasis-2021
/transform-negative-emotions-2/,/writings/transform-negative-emotions-2
/the-goodness-inside-you-2/,/writings/the-goodness-inside-you-2
/the-earth-element-2/,/writings/the-earth-element-2
/seeking-approval/,/writings/seeking-approval
/benefits-of-martial-arts/,/writings/benefits-of-martial-arts
/gleaming-bones/,/writings/gleaming-bones
/inner-smiling-2/,/writings/inner-smiling-2
/sages-of-old/,/writings/sages-of-old
/taoist-world-view-3/,/writings/taoist-world-view-3
/temporary-defeat-v-failure-3/,/writings/temporary-defeat-v-failure-3
/pure-heart-pure-world/,/writings/pure-heart-pure-world
/the-psoas-and-squatting-2/,/writings/the-psoas-and-squatting-2
/taoist-inner-alchemy-2/,/writings/taoist-inner-alchemy-2
/female-pioneers-of-tai-chi-2/,/writings/female-pioneers-of-tai-chi-2
/adapt-to-natural-phenomena/,/writings/adapt-to-natural-phenomena
/tendon-power-2/,/writings/tendon-power-2
/keep-your-mind-with-your-body-2/,/writings/keep-your-mind-with-your-body-2
/grounding-energy-2/,/writings/grounding-energy-2
/expanding-the-third-eye/,/writings/expanding-the-third-eye
/spring-equinox-2/,/writings/spring-equinox-2
/spring-time-of-the-liver-2/,/writings/spring-time-of-the-liver-2
/the-orbit-meditation/,/writings/the-orbit-meditation
/hope-and-regret/,/writings/hope-and-regret
/the-health-of-the-spine-3/,/writings/the-health-of-the-spine-3
/meeting-hard-was-with-softness-2/,/writings/meeting-hard-was-with-softness-2
/the-pill-of-immortality-2/,/writings/the-pill-of-immortality-2
/activate-energy-of-the-points/,/writings/activate-energy-of-the-points
/re-growing-bone-marrow/,/writings/re-growing-bone-marrow
/why-taoism-2/,/writings/why-taoism-2
/at-the-end-of-a-meditation/,/writings/at-the-end-of-a-meditation
/warm-up-the-stove/,/writings/warm-up-the-stove
/the-abdominal-brain-2/,/writings/the-abdominal-brain-2
/nature-in-the-body-2/,/writings/nature-in-the-body-2
/glands-of-the-brain-2/,/writings/glands-of-the-brain-2
/still-the-senses-2/,/writings/still-the-senses-2
/practice-being-embodied-2/,/writings/practice-being-embodied-2
/practice-slowly/,/writings/practice-slowly
/recharge-your-batteries-3/,/writings/recharge-your-batteries-3
/taoist-breathing-2/,/writings/taoist-breathing-2
/building-a-spiritual-practice/,/writings/building-a-spiritual-practice
/major-benefits-of-chi-kung-and-tai-chi/,/writings/major-benefits-of-chi-kung-and-tai-chi
/feeling-the-flow-of-energy-2/,/writings/feeling-the-flow-of-energy-2
/keep-your-energy-strong-3/,/writings/keep-your-energy-strong-3
/open-the-door-of-life-2/,/writings/open-the-door-of-life-2
/the-six-healing-sounds-continued-2/,/writings/the-six-healing-sounds-continued-2
/listening-to-intuition-2/,/writings/listening-to-intuition-2
/so-what-now-what-2/,/writings/so-what-now-what-2
/mind-like-a-mirror-3/,/writings/mind-like-a-mirror-3
/fascia-protective-tissue-around-organs-2/,/writings/fascia-protective-tissue-around-organs-2
/alert-like-a-spy-in-enemy-territory/,/writings/alert-like-a-spy-in-enemy-territory
/the-bodys-thermostat-3/,/writings/the-bodys-thermostat-3
/hormones-and-aging-2/,/writings/hormones-and-aging-2
/a-system-of-self-care-2/,/writings/a-system-of-self-care-2
/ill-winds-in-the-body/,/writings/ill-winds-in-the-body
/tendon-strength-3/,/writings/tendon-strength-3
/questions-on-taoism-2/,/writings/questions-on-taoism-2
/how-do-we-stop-the-mind-2/,/writings/how-do-we-stop-the-mind-2
/kidneys-and-related-organs-2/,/writings/kidneys-and-related-organs-2
/difficult-and-uncertain-terrain-2/,/writings/difficult-and-uncertain-terrain-2
/how-does-energy-move/,/writings/how-does-energy-move
/strengthen-the-senses-2/,/writings/strengthen-the-senses-2
/what-is-tao-2/,/writings/what-is-tao-2
/above-below-within-without-2/,/writings/above-below-within-without-2
/swallowing-saliva-2/,/writings/swallowing-saliva-2
/happiness-stems-from-connections-2/,/writings/happiness-stems-from-connections-2
/birthing-cells-2/,/writings/birthing-cells-2
/grounding-energy-3/,/writings/grounding-energy-3
/vitality-later-in-life-2/,/writings/vitality-later-in-life-2
/the-abdominal-brain-3/,/writings/the-abdominal-brain-3
/train-the-brain-2/,/writings/train-the-brain-2
/an-in-the-body-experience-2/,/writings/an-in-the-body-experience-2
/tune-your-body-like-an-instrument-2/,/writings/tune-your-body-like-an-instrument-2
/when-tao-is-forgotten-2/,/writings/when-tao-is-forgotten-2
/finding-purpose-2/,/writings/finding-purpose-2
/taoist-healing-love-2/,/writings/taoist-healing-love-2
/self-massage-to-spark-vitality-2/,/writings/self-massage-to-spark-vitality-2
/detoxify-the-skin-2/,/writings/detoxify-the-skin-2
/benefits-of-a-chi-kung-state-2/,/writings/benefits-of-a-chi-kung-state-2
/jing-chi-and-shen-2/,/writings/jing-chi-and-shen-2
/slow-and-steady-2/,/writings/slow-and-steady-2
/why-chi-kung-2/,/writings/why-chi-kung-2
/growing-spiritually-2/,/writings/growing-spiritually-2
/the-five-elements-of-nature-2/,/writings/the-five-elements-of-nature-2
/using-energy-2/,/writings/using-energy-2
/a-stressful-world-2/,/writings/a-stressful-world-2
/tune-in-turn-on-2/,/writings/tune-in-turn-on-2
/what-you-resist-persists-2/,/writings/what-you-resist-persists-2
/the-health-of-the-spine-4/,/writings/the-health-of-the-spine-4
/treat-your-body-2/,/writings/treat-your-body-2
/the-cosmic-clock-2/,/writings/the-cosmic-clock-2
/how-should-i-begin-a-meditation-program-2/,/writings/how-should-i-begin-a-meditation-program-2
/taoist-solar-system-mediation-2/,/writings/taoist-solar-system-mediation-2
/happiness-what-happens-2/,/writings/happiness-what-happens-2
/sleep-hygiene%e2%80%8b-habits/,/writings/sleep-hygiene-habits-2021
/avoid-toxic-energy-psychic-boundaries-2/,/writings/avoid-toxic-energy-psychic-boundaries-2
/fusion-of-five-elements-practice-3/,/writings/fusion-of-five-elements-practice-3
/sink-deep-into-your-bones-2/,/writings/sink-deep-into-your-bones-2
/deep-breathing-2/,/writings/deep-breathing-2
/the-large-intestine-3/,/writings/the-large-intestine-3
/the-embryos-navel-2/,/writings/the-embryos-navel-2
/build-a-foundation-3/,/writings/build-a-foundation-3
/fusing-the-five-elements-2/,/writings/fusing-the-five-elements-2
/the-sacrum-2/,/writings/the-sacrum-2
/energy-flows-when-we-relax-part-1/,/writings/energy-flows-when-we-relax-part-1
/energy-flows-when-we-relax-part-2-2/,/writings/energy-flows-when-we-relax-part-2-2
/pillars-of-survival-2/,/writings/pillars-of-survival-2
/hot-and-cold-in-the-body-2/,/writings/hot-and-cold-in-the-body-2
/harvard-tai-chi-study-2/,/writings/harvard-tai-chi-study-2
/forgiveness-2/,/writings/forgiveness-2
/the-water-element-2/,/writings/the-water-element-2
/responding-to-change-2/,/writings/responding-to-change-2
/energy-likes-to-move-2/,/writings/energy-likes-to-move-2
/stretch-tendons-open-joints-2/,/writings/stretch-tendons-open-joints-2
/beating-the-health-averages-2/,/writings/beating-the-health-averages-2
/storing-energy-in-the-brain-2/,/writings/storing-energy-in-the-brain-2
/storing-energy-in-the-body-2/,/writings/storing-energy-in-the-body-2
/why-the-six-healing-sounds-2/,/writings/why-the-six-healing-sounds-2
/six-healing-sounds-more-info-2/,/writings/six-healing-sounds-more-info-2
/the-yoga-of-pilgrimage-2/,/writings/the-yoga-of-pilgrimage-2
/chi-and-blood-2/,/writings/chi-and-blood-2
/the-adrenal-glands-2/,/writings/the-adrenal-glands-2
/why-learn-tai-chi-2/,/writings/why-learn-tai-chi-2
/discipline-v-flexibility-2/,/writings/discipline-v-flexibility-2
/natural-aging-2/,/writings/natural-aging-2
/a-yin-practice-2/,/writings/a-yin-practice-2
/what-is-taoism-and-what-is-its-fundamental-focus/,/writings/what-is-taoism-and-what-is-its-fundamental-focus
/low-center-of-gravity-4/,/writings/low-center-of-gravity-4
/the-knees-hold-toxins-2/,/writings/the-knees-hold-toxins-2
/tai-chi-in-life-2/,/writings/tai-chi-in-life-2
/make-plans-that-benefit-all-2/,/writings/make-plans-that-benefit-all-2
/being-in-discovery-part-1-2/,/writings/being-in-discovery-part-1-2
/being-in-discovery-part-2-2/,/writings/being-in-discovery-part-2-2
/get-to-know-your-organs-2/,/writings/get-to-know-your-organs-2
/senses-filter-negative-emotions-2/,/writings/senses-filter-negative-emotions-2
/skin-breathing-2/,/writings/skin-breathing-2
/conserving-energy-2/,/writings/conserving-energy-2
/eight-extraordinary-channels-2/,/writings/eight-extraordinary-channels-2
/strengthen-the-immune-system/,/writings/strengthen-the-immune-system
/metal-element-in-balance-2/,/writings/metal-element-in-balance-2
/breathing-in-autumn-2/,/writings/breathing-in-autumn-2
/the-pill-of-immortality-3/,/writings/the-pill-of-immortality-3
/touching-the-points-to-activate-energy/,/writings/touching-the-points-to-activate-energy
/regrowing-bone-marrow-2/,/writings/regrowing-bone-marrow-2
/at-the-end-of-a-mediation-2/,/writings/at-the-end-of-a-mediation-2
/the-abdominal-brain-4/,/writings/the-abdominal-brain-4
/nature-in-the-body-3/,/writings/nature-in-the-body-3
/gratitude-in-the-morning/,/writings/gratitude-in-the-morning
/morning-habits/,/writings/morning-habits
/starting-the-day/,/writings/starting-the-day
/monitoring-physiology-for-feedback/,/writings/monitoring-physiology-for-feedback
/examining-habits/,/writings/examining-habits
/focus-on-your-breathing/,/writings/focus-on-your-breathing
/steel-wrapped-in-cotton-2/,/writings/steel-wrapped-in-cotton-2
/6413-2/,/writings/6413-2
/staying-hydrated/,/writings/staying-hydrated
/fall-proof-your-home-2/,/writings/fall-proof-your-home-2
/loose-clothing/,/writings/loose-clothing
/medical-homes-and-preventative-medicine/,/writings/medical-homes-and-preventative-medicine
/healthy-spine-and-back-habits-part-1/,/writings/healthy-spine-and-back-habits-part-1
/healthy-spine-and-back-habits-part-2/,/writings/healthy-spine-and-back-habits-part-2
/ergonomics-in-the-home/,/writings/ergonomics-in-the-home
/sleep-hygiene/,/writings/sleep-hygiene
/meditation-to-alchemy/,/writings/meditation-to-alchemy
/yielding-and-flexibility-2/,/writings/yielding-and-flexibility-2
/beginning-in-the-tao/,/writings/beginning-in-the-tao
/following-the-way/,/writings/following-the-way
/star-alchemy-3/,/writings/star-alchemy-3
/autonomic-body-functions-2/,/writings/autonomic-body-functions-2
/smiling-to-the-nervous-system-2/,/writings/smiling-to-the-nervous-system-2
/suggestions-for-a-daily-practice-2/,/writings/suggestions-for-a-daily-practice-2
/benefits-of-standing/,/writings/benefits-of-standing
/a-healthy-abdomen-2/,/writings/a-healthy-abdomen-2
/squeezing-the-pc-muscle-2/,/writings/squeezing-the-pc-muscle-2
/encouraging-words-2/,/writings/encouraging-words-2
/staring-into-the-heavens-2/,/writings/staring-into-the-heavens-2
/massaging-the-skull-2/,/writings/massaging-the-skull-2
/foundational-taoist-practices-2/,/writings/foundational-taoist-practices-2
/preparations-for-meditations/,/writings/preparations-for-meditations
/planet-earth-as-an-alchemist-2/,/writings/planet-earth-as-an-alchemist-2
/exploring-taoism-3/,/writings/exploring-taoism-3
/rolling-the-abdomen-2/,/writings/rolling-the-abdomen-2
/sick-winds-and-trapped-gases-2/,/writings/sick-winds-and-trapped-gases-2
/taoist-tendon-exercises-2/,/writings/taoist-tendon-exercises-2
/overheating-2/,/writings/overheating-2
/wagging-the-tail-2/,/writings/wagging-the-tail-2
/awakening-energy-in-the-body-2/,/writings/awakening-energy-in-the-body-2
/fish-sinking-to-the-bottom-of-an-icy-pond-2/,/writings/fish-sinking-to-the-bottom-of-an-icy-pond-2
/bone-meditations-2/,/writings/bone-meditations-2
/low-blood-pressure-2/,/writings/low-blood-pressure-2
/the-quiet-of-winter-2/,/writings/the-quiet-of-winter-2
/why-old-people-are-grouchy-2/,/writings/why-old-people-are-grouchy-2
/five-element-nutrition-2/,/writings/five-element-nutrition-2
/circulate-the-microcosmic-orbit-2/,/writings/circulate-the-microcosmic-orbit-2
/nourishing-life-2/,/writings/nourishing-life-2
/honey-like-energy-2/,/writings/honey-like-energy-2
/tongue-kung-fu-2/,/writings/tongue-kung-fu-2
/massage-the-chest-2/,/writings/massage-the-chest-2
/the-quality-of-chi-2/,/writings/the-quality-of-chi-2
/tai-chi-and-softness-2/,/writings/tai-chi-and-softness-2
/belt-channel-dai-mai-2/,/writings/belt-channel-dai-mai-2
/meditation-2/,/writings/meditation-2
/mixing-sun-and-moon-2/,/writings/mixing-sun-and-moon-2
/moon-connection-2/,/writings/moon-connection-2
/no-use-for-the-empire-2/,/writings/no-use-for-the-empire-2
/self-healing-and-wholeness-2/,/writings/self-healing-and-wholeness-2
/honoring-nature-3/,/writings/honoring-nature-3
/relax-for-health/,/writings/relax-for-health
/chakras-and-glands-2/,/writings/chakras-and-glands-2
/high-blood-pressure-2/,/writings/high-blood-pressure-2
/sexual-energy-massage-2/,/writings/sexual-energy-massage-2
/tai-chi-and-a-tree-2/,/writings/tai-chi-and-a-tree-2
/pulsing-meditation-2/,/writings/pulsing-meditation-2
/generating-saliva-2/,/writings/generating-saliva-2
/hiatal-hernia-2/,/writings/hiatal-hernia-2
/toxins-the-small-intestine-2/,/writings/toxins-the-small-intestine-2
/a-vehicle-for-consciousness-2/,/writings/a-vehicle-for-consciousness-2
/energy-leakage-2/,/writings/energy-leakage-2
/relaxation-letting-go-surrender-2/,/writings/relaxation-letting-go-surrender-2
/washing-the-bone-marrow-2/,/writings/washing-the-bone-marrow-2
/self-love-2/,/writings/self-love-2
/mung-bean-hitting-2/,/writings/mung-bean-hitting-2
/fingers-emotions-and-organs-2/,/writings/fingers-emotions-and-organs-2
/chi-kung-warmups-2/,/writings/chi-kung-warmups-2
/life-style-2/,/writings/life-style-2
/paracelsus-on-healing-2/,/writings/paracelsus-on-healing-2
/sleep-and-dreams-2/,/writings/sleep-and-dreams-2
/one-way-to-relax-2/,/writings/one-way-to-relax-2
/bouncing-practice-2/,/writings/bouncing-practice-2
/the-quality-of-energy-2/,/writings/the-quality-of-energy-2
/when-organs-quit-2/,/writings/when-organs-quit-2
/healing-as-a-gift-3/,/writings/healing-as-a-gift-3
/depletion-of-energy-2/,/writings/depletion-of-energy-2
/heart-and-hands-2/,/writings/heart-and-hands-2
/connect-to-sources-of-energy-2/,/writings/connect-to-sources-of-energy-2
/rise-above/,/writings/rise-above
/dancing-drumming-and-sexual-energy-2/,/writings/dancing-drumming-and-sexual-energy-2
/spinal-cord-orbit-2/,/writings/spinal-cord-orbit-2
/strengthening-the-senses-2/,/writings/strengthening-the-senses-2
/survival-strategies-2/,/writings/survival-strategies-2
/the-great-mystery-2/,/writings/the-great-mystery-2
/prevention-2/,/writings/prevention-2
/big-dipper-meditation-2/,/writings/big-dipper-meditation-2
/soles-of-the-feet-and-bone-breathing-2/,/writings/soles-of-the-feet-and-bone-breathing-2
/fire-and-water-in-the-body-2/,/writings/fire-and-water-in-the-body-2
/the-sacral-pump-2/,/writings/the-sacral-pump-2
/relaxing-vital-organs-2/,/writings/relaxing-vital-organs-2
/the-moon-in-the-sky-2/,/writings/the-moon-in-the-sky-2
/the-five-earth-gates-2/,/writings/the-five-earth-gates-2
/opening-the-orbit-2/,/writings/opening-the-orbit-2
/ba-duan-jin-4/,/writings/ba-duan-jin-4
/everything-changes-2/,/writings/everything-changes-2
/healing-transmissions-2/,/writings/healing-transmissions-2
/50-keep-your-life-in-order-2/,/writings/50-keep-your-life-in-order-2
/anchor-in-the-physical-body-2/,/writings/anchor-in-the-physical-body-2
/external-diagnosis-2/,/writings/external-diagnosis-2
/remember-reality-2/,/writings/remember-reality-2
/work-with-circumstances-2/,/writings/work-with-circumstances-2
/spiritual-connection-2/,/writings/spiritual-connection-2
/strengthen-your-weaknesses-2/,/writings/strengthen-your-weaknesses-2
/taoism-and-secrecy-2/,/writings/taoism-and-secrecy-2
/work-on-ourselves/,/writings/work-on-ourselves
/shape-of-the-navel-2/,/writings/shape-of-the-navel-2
/taoist-nutrition-2/,/writings/taoist-nutrition-2
/standing-practice-2/,/writings/standing-practice-2
/using-the-belly-brain-2/,/writings/using-the-belly-brain-2
/qigong-teachings-2/,/writings/qigong-teachings-2
/corners-of-the-mouth-2/,/writings/corners-of-the-mouth-2
/chi-pressure-2/,/writings/chi-pressure-2
/the-sun-stands-still-2/,/writings/the-sun-stands-still-2
/hands-cold-feet-cold-2/,/writings/hands-cold-feet-cold-2
/we-are-stardust-2/,/writings/we-are-stardust-2
/who-is-the-psoas-muscle-2/,/writings/who-is-the-psoas-muscle-2
/no-use-for-the-empire-3/,/writings/no-use-for-the-empire-3
/massaging-the-skull-3/,/writings/massaging-the-skull-3
/chinese-and-western-medicine-2/,/writings/chinese-and-western-medicine-2
/energy-meridians-2/,/writings/energy-meridians-2
/bladder-chi-kung-2/,/writings/bladder-chi-kung-2
/basis-of-the-inner-smile-2/,/writings/basis-of-the-inner-smile-2
/leadership-2/,/writings/leadership-2
/breathing-basics-2/,/writings/breathing-basics-2
/feeling-energy-in-the-body-2/,/writings/feeling-energy-in-the-body-2
/growing-virtue-in-the-body-2/,/writings/growing-virtue-in-the-body-2
/eight-great-rivers-2/,/writings/eight-great-rivers-2
/the-earths-alchemy-2/,/writings/the-earths-alchemy-2
/question-on-sexual-health-2/,/writings/question-on-sexual-health-2
/monkey-mind-2/,/writings/monkey-mind-2
/cancer-is-2nd-2/,/writings/cancer-is-2nd-2
/laughing-baby-exercise-2/,/writings/laughing-baby-exercise-2
/practical-taoism-2/,/writings/practical-taoism-2
/laughing-practice-2/,/writings/laughing-practice-2
/dumping-negative-emotions-2/,/writings/dumping-negative-emotions-2
/plowing-a-humble-field-2/,/writings/plowing-a-humble-field-2
/a-system-of-healing-2/,/writings/a-system-of-healing-2
/juicy-yin-and-yang-2/,/writings/juicy-yin-and-yang-2
/finding-that-motivation-2/,/writings/finding-that-motivation-2
/squatting-3/,/writings/squatting-3
/eight-pounds-of-fecal-matter/,/writings/eight-pounds-of-fecal-matter
/fill-the-joints-with-chi-2/,/writings/fill-the-joints-with-chi-2
/john-prine-on-emotions-2/,/writings/john-prine-on-emotions-2
/senses-organs-and-emotions-2/,/writings/senses-organs-and-emotions-2
/the-pineal-gland-3/,/writings/the-pineal-gland-3
/creating-change-2/,/writings/creating-change-2
/clearing-the-deck-before-sleep%e2%80%8b-2/,/writings/clearing-the-deck-before-sleep-2
/practice-resting-2/,/writings/practice-resting-2
/three-foundational-practices/,/writings/three-foundational-practices
/our-point-of-view-2/,/writings/our-point-of-view-2
/pain-is-stuck-energy-2/,/writings/pain-is-stuck-energy-2
/the-seat-of-emotions-2/,/writings/the-seat-of-emotions-2
/flushing-the-blood-at-the-groin-2/,/writings/flushing-the-blood-at-the-groin-2
/waking-and-dreaming-worlds-2/,/writings/waking-and-dreaming-worlds-2
/within-and-without-2/,/writings/within-and-without-2
/pack-energy-protect-organs-2/,/writings/pack-energy-protect-organs-2
/structure-of-the-bones-2/,/writings/structure-of-the-bones-2
/tips-for-being-present-2/,/writings/tips-for-being-present-2
/iron-shirt-chi-kung-and-health-2/,/writings/iron-shirt-chi-kung-and-health-2
/deep-breathing-before-bed-2/,/writings/deep-breathing-before-bed-2
/qigong-and-depression-in-elderly/,/writings/qigong-and-depression-in-elderly
/transmitting-energy-2/,/writings/transmitting-energy-2
/wait-in-stillness-2/,/writings/wait-in-stillness-2
/why-the-microcosmic-orbit-2/,/writings/why-the-microcosmic-orbit-2
/increasing-energy-2/,/writings/increasing-energy-2
/emulate-the-pattern-of-nature-4/,/writings/emulate-the-pattern-of-nature-4
/the-lower-tan-tien-2/,/writings/the-lower-tan-tien-2
/start-in-your-hula-hoop-2/,/writings/start-in-your-hula-hoop-2
/safety-precautions-2/,/writings/safety-precautions-2
/self-care-techniques-2/,/writings/self-care-techniques-2
/transforming-energy-2/,/writings/transforming-energy-2
/taoism-ancient-and-modern-2/,/writings/taoism-ancient-and-modern-2
/balancing-energy-2/,/writings/balancing-energy-2
/conserving-energy-3/,/writings/conserving-energy-3
/eight-extraordinary-channels-3/,/writings/eight-extraordinary-channels-3
/contemplation-2/,/writings/contemplation-2
/anything-mentionable-is-manageable-2/,/writings/anything-mentionable-is-manageable-2
/the-energy-of-the-hands-2/,/writings/the-energy-of-the-hands-2
/activate-your-bones-2/,/writings/activate-your-bones-2
/the-throat-and-dreaming-2/,/writings/the-throat-and-dreaming-2
/what-is-is-2/,/writings/what-is-is-2
/tai-chi-for-fibromyalgia-2/,/writings/tai-chi-for-fibromyalgia-2
/befriend-your-organs-2/,/writings/befriend-your-organs-2
/self-care-2/,/writings/self-care-2
/expel-sick-winds-from-the-body-2/,/writings/expel-sick-winds-from-the-body-2
/magnifying-your-energy-2/,/writings/magnifying-your-energy-2
/grounded-in-reality-2/,/writings/grounded-in-reality-2
/simple-and-effective-2/,/writings/simple-and-effective-2
/lengthen-the-spine-2/,/writings/lengthen-the-spine-2
/awaken-your-energy-2/,/writings/awaken-your-energy-2
/spinal-cord-chi-kung-2/,/writings/spinal-cord-chi-kung-2
/feel-energy-in-the-channels-2/,/writings/feel-energy-in-the-channels-2
/find-gold-within-2/,/writings/find-gold-within-2
/energy-self-massage-2/,/writings/energy-self-massage-2
/breathing-as-a-habit-2/,/writings/breathing-as-a-habit-2
/the-philosophy-of-chi-2/,/writings/the-philosophy-of-chi-2
/energy-likes-to-move-3/,/writings/energy-likes-to-move-3
/vitality-or-possessions-2/,/writings/vitality-or-possessions-2
/storing-energy-in-the-body-3/,/writings/storing-energy-in-the-body-3
/why-the-six-healing-sounds-3/,/writings/why-the-six-healing-sounds-3
/six-healing-sounds-more-info-3/,/writings/six-healing-sounds-more-info-3
/the-yoga-of-pilgrimage-3/,/writings/the-yoga-of-pilgrimage-3
/chi-and-blood-3/,/writings/chi-and-blood-3
/the-adrenal-glands-3/,/writings/the-adrenal-glands-3
/why-learn-tai-chi-3/,/writings/why-learn-tai-chi-3
/discipline-v-flexibility-3/,/writings/discipline-v-flexibility-3
/natural-aging-3/,/writings/natural-aging-3
/a-yin-practice-3/,/writings/a-yin-practice-3
/taoisms-focus-2/,/writings/taoisms-focus-2
/low-center-of-gravity-5/,/writings/low-center-of-gravity-5
/the-knees-hold-toxins-3/,/writings/the-knees-hold-toxins-3
/tai-chi-in-life-3/,/writings/tai-chi-in-life-3
/as-within-so-without-3/,/writings/as-within-so-without-3
/make-plans-that-benefit-all-3/,/writings/make-plans-that-benefit-all-3
/being-in-discovery-part-1-3/,/writings/being-in-discovery-part-1-3
/vitality-exercises/,/writings/vitality-exercises
/build-strong-lungs-2/,/writings/build-strong-lungs-2
/the-back-of-the-heart-2/,/writings/the-back-of-the-heart-2
/knee-raises-2/,/writings/knee-raises-2
/sacrum-spiraling-2/,/writings/sacrum-spiraling-2
/spinal-cord-breathing-2/,/writings/spinal-cord-breathing-2
/as-above-so-below-3/,/writings/as-above-so-below-3
/warming-the-lower-abdomen-2/,/writings/warming-the-lower-abdomen-2
/fire-in-nature-and-the-body-2/,/writings/fire-in-nature-and-the-body-2
/qigong-reduces-fatigue-by-39-2/,/writings/qigong-reduces-fatigue-by-39-2
/sealing-of-the-senses-3/,/writings/sealing-of-the-senses-3
/water-in-nature-and-the-body-2/,/writings/water-in-nature-and-the-body-2
/the-back-of-the-knee-2/,/writings/the-back-of-the-knee-2
/recharge-your-batteries-4/,/writings/recharge-your-batteries-4
/meeting-hardness-with-softness-2/,/writings/meeting-hardness-with-softness-2
/lower-limb-circulation-2/,/writings/lower-limb-circulation-2
/cleaning-the-face-2/,/writings/cleaning-the-face-2
/opening-the-microcosmic-energy-channel-2/,/writings/opening-the-microcosmic-energy-channel-2
/the-neck-and-throat-2/,/writings/the-neck-and-throat-2
/daily-activities-and-organs-2/,/writings/daily-activities-and-organs-2
/daily-activities-and-organs-part-2-2/,/writings/daily-activities-and-organs-part-2-2
/swallowing-golden-elixir-2/,/writings/swallowing-golden-elixir-2
/wander-in-simplicity-2/,/writings/wander-in-simplicity-2
/cleaning-with-the-sun-2/,/writings/cleaning-with-the-sun-2
/stars-and-society-2/,/writings/stars-and-society-2
/the-whole-body-2/,/writings/the-whole-body-2
/keep-your-energy-strong-4/,/writings/keep-your-energy-strong-4
/anchoring-in-the-body-2/,/writings/anchoring-in-the-body-2
/the-heart-2/,/writings/the-heart-2
/sick-winds-and-trapped-gases-3/,/writings/sick-winds-and-trapped-gases-3
/taoist-tendon-exercises-3/,/writings/taoist-tendon-exercises-3
/skin-detoxification-2/,/writings/skin-detoxification-2
/find-our-base-2/,/writings/find-our-base-2
/embrace-the-tree-posture-2/,/writings/embrace-the-tree-posture-2
/activate-the-immune-system-2/,/writings/activate-the-immune-system-2
/energy-in-the-tan-tien-2/,/writings/energy-in-the-tan-tien-2
/the-eyes-2/,/writings/the-eyes-2
/hitting-the-abdominal-area-2/,/writings/hitting-the-abdominal-area-2
/the-hands-guide-energy-2/,/writings/the-hands-guide-energy-2
/warming-the-organs-2/,/writings/warming-the-organs-2
/the-five-climates-and-health-2/,/writings/the-five-climates-and-health-2
/signs-of-health-2/,/writings/signs-of-health-2
/compassion-the-combination-of-virtues-2/,/writings/compassion-the-combination-of-virtues-2
/feelings-and-emotions-2/,/writings/feelings-and-emotions-2
/low-center-of-gravity-6/,/writings/low-center-of-gravity-6
/rubbing-the-points-of-the-feet-2/,/writings/rubbing-the-points-of-the-feet-2
/the-solar-plexus-and-related-organs-2/,/writings/the-solar-plexus-and-related-organs-2
/breathing-and-the-metal-element/,/writings/breathing-and-the-metal-element
/upward-stretching-and-twisting-2/,/writings/upward-stretching-and-twisting-2
/relief-for-the-head-2/,/writings/relief-for-the-head-2
/hip-rotations-2/,/writings/hip-rotations-2
/flight-from-the-shadow-2/,/writings/flight-from-the-shadow-2
/autonomic-body-functions-3/,/writings/autonomic-body-functions-3
/smiling-to-the-nervous-system-3/,/writings/smiling-to-the-nervous-system-3
/let-your-body-be-still-4/,/writings/let-your-body-be-still-4
/suggestions-for-a-daily-practice-3/,/writings/suggestions-for-a-daily-practice-3
/a-healthy-abdomen-3/,/writings/a-healthy-abdomen-3
/squeezing-the-pc-muscle-3/,/writings/squeezing-the-pc-muscle-3
/preparations-for-meditations-2/,/writings/preparations-for-meditations-2
/planet-earth-as-an-alchemist-3/,/writings/planet-earth-as-an-alchemist-3
/exploring-taoism-4/,/writings/exploring-taoism-4
/rolling-the-abdomen-3/,/writings/rolling-the-abdomen-3
/overheating-3/,/writings/overheating-3
/wagging-the-tail-3/,/writings/wagging-the-tail-3
/awakening-energy-in-the-body-3/,/writings/awakening-energy-in-the-body-3
/why-old-people-are-grouchy-3/,/writings/why-old-people-are-grouchy-3
/five-element-nutrition-3/,/writings/five-element-nutrition-3
/circulate-the-microcosmic-orbit-3/,/writings/circulate-the-microcosmic-orbit-3
/nourishing-life-3/,/writings/nourishing-life-3
/honey-like-energy-3/,/writings/honey-like-energy-3
/tongue-kung-fu-3/,/writings/tongue-kung-fu-3
/massage-the-chest-3/,/writings/massage-the-chest-3
/tai-chi-and-softness-3/,/writings/tai-chi-and-softness-3
/the-quality-of-chi-3/,/writings/the-quality-of-chi-3
/belt-channel-dai-mai-3/,/writings/belt-channel-dai-mai-3
/meditation-3/,/writings/meditation-3
/mixing-sun-and-moon-3/,/writings/mixing-sun-and-moon-3
/moon-connection-3/,/writings/moon-connection-3
/fusion-of-five-elements-practice-4/,/writings/fusion-of-five-elements-practice-4
/self-healing-and-wholeness-3/,/writings/self-healing-and-wholeness-3
/honoring-nature-4/,/writings/honoring-nature-4
/relax-for-health-2/,/writings/relax-for-health-2
/chakras-and-glands-3/,/writings/chakras-and-glands-3
/high-blood-pressure-and-chinese-medicine/,/writings/high-blood-pressure-and-chinese-medicine
/sexual-energy-massage-3/,/writings/sexual-energy-massage-3
/7496-2/,/writings/7496-2
/resonance-and-cultivation-2/,/writings/resonance-and-cultivation-2
/pulsing-meditation-3/,/writings/pulsing-meditation-3
/generating-saliva-3/,/writings/generating-saliva-3
/new-beginnings-the-lunar-new-year/,/writings/new-beginnings-the-lunar-new-year
/seasonal-change-winter-to-spring/,/writings/seasonal-change-winter-to-spring
/returning-home/,/writings/returning-home
/cultivating-virtue-and-the-five-elements-framework/,/writings/cultivating-virtue-and-the-five-elements-framework
/forgiveness-3/,/writings/forgiveness-3
/a-healthy-heart/,/writings/a-healthy-heart
/a-healthy-heart-2/,/writings/a-healthy-heart-2
/purposeful-work/,/writings/purposeful-work
/balancing-a-spiritual-journey/,/writings/balancing-a-spiritual-journey
/the-inner-smile-a-meditation-for-cultivating-harmony/,/writings/the-inner-smile-a-meditation-for-cultivating-harmony
/taoist-yoga-a-path-to-balance-and-vitality/,/writings/taoist-yoga-a-path-to-balance-and-vitality
/the-six-healing-sounds-2/,/writings/the-six-healing-sounds-2
/the-seven-steps-of-alchemy/,/writings/the-seven-steps-of-alchemy
/the-health-benefits-of-the-microcosmic-orbit-meditation/,/writings/the-health-benefits-of-the-microcosmic-orbit-meditation
/alchemy-and-transformation/,/writings/alchemy-and-transformation
/self-enhancement-through-taoist-practices/,/writings/self-enhancement-through-taoist-practices
/the-benefits-and-principles-of-chi-self-massage/,/writings/the-benefits-and-principles-of-chi-self-massage
/the-psoas-muscle-in-taoist-yoga-and-tai-chi/,/writings/the-psoas-muscle-in-taoist-yoga-and-tai-chi
/cosmic-healing-chi-kung-2/,/writings/cosmic-healing-chi-kung-2
/taoist-standing-practice-for-strength-and-resilience-part-1/,/writings/taoist-standing-practice-for-strength-and-resilience-part-1
/taoist-standing-practice-for-strength-and-resilience-part-2/,/writings/taoist-standing-practice-for-strength-and-resilience-part-2
/taoist-standing-practice-for-strength-and-resilience-part-3/,/writings/taoist-standing-practice-for-strength-and-resilience-part-3
/foundations-of-taoism/,/writings/foundations-of-taoism
/chi-nei-tsang-the-taoist-art-of-abdominal-massage/,/writings/chi-nei-tsang-the-taoist-art-of-abdominal-massage
/kidney-building-chi-kung/,/writings/kidney-building-chi-kung
/kidney-building-chi-kung-in-taoist-practice/,/writings/kidney-building-chi-kung-in-taoist-practice
/bone-breathing-practice/,/writings/bone-breathing-practice
/bagua-zhang-the-art-of-circular-motion/,/writings/bagua-zhang-the-art-of-circular-motion
/daoist-philosophy-and-the-i-ching-sciences/,/writings/daoist-philosophy-and-the-i-ching-sciences
/emotional-alchemy-the-fusion-of-the-five-elements/,/writings/emotional-alchemy-the-fusion-of-the-five-elements
/spring-equinox-through-a-taoist-lens/,/writings/spring-equinox-through-a-taoist-lens
/feng-shui-in-burial-practices/,/writings/feng-shui-in-burial-practices
/winter-solstice-returning/,/writings/winter-solstice-returning
/beginning-a-meditation-program/,/writings/beginning-a-meditation-program
/signs-of-health-3/,/writings/signs-of-health-3
/let-your-heart-be-at-peace/,/writings/let-your-heart-be-at-peace
/losing-timing/,/writings/losing-timing
/staying-centered/,/writings/staying-centered
/flowing-with-the-seasons/,/writings/flowing-with-the-seasons
/spring-and-the-liver/,/writings/spring-and-the-liver
/relaxing-the-nervous-system/,/writings/relaxing-the-nervous-system
/internal-alchemy-2/,/writings/internal-alchemy
/taoist-dreaming/,/writings/taoist-dreaming
/the-modern-stress-paradigm/,/writings/the-modern-stress-paradigm
/taoist-calm-a-systems-level-orientation/,/writings/taoist-calm-a-systems-level-orientation
/breath-as-a-convergence-point/,/writings/breath-as-a-convergence-point
/chronic-stimulation/,/writings/chronic-stimulation
/five-minute-stillness-practice/,/writings/five-minute-stillness-practice
/calm-energy/,/writings/calm-energy
/meditation-and-restlessness/,/writings/meditation-and-restlessness
/modern-nervous-system/,/writings/modern-nervous-system
/gradual-meditation/,/writings/gradual-meditation
/the-body-knows/,/writings/the-body-knows
/living-above-the-neck/,/writings/living-above-the-neck
/what-is-taoism-2/,/writings/what-is-taoism
/why-taoism-3/,/writings/why-taoism
/where-should-i-start-2/,/writings/where-should-i-start
/blog/,/writings
/services/,/courses
/gallery/,/articles
/about/,/about
/faq/,/faq
/contact/,/contact
/events/,/events
